Data;Horario;Edital;Local;Modalidade;Forma julgamento;Unidade gestora;Secretária;Objeto;Montante;Tipo;Link da Página
2023-05-02;;029/2023;;Inexigibilidade;Por item;Fundo Municipal de Saúde de Chapecó;Secretaria de Saúde;CONTRATAÇÃO DE PRESTADORES DE SERVIÇOS PARA A REALIZAÇÃO DE CONSULTAS E EXAMES NA ESPECIALIDADE DE CARDIOLOGIA AOS PACIENTES USUÁRIOS DO SISTEMA ÚNICO DE SAÚDE;464.297,40;Menor preço;https://transparencia.e-publica.net/epublica-portal/#/chapeco/portal/compras/licitacaoView?params=%7B%22id%22%3A%221%7C9026%22%2C%22mode%22%3A%22INFO%22%7D
2023-05-10;;135/2023;;Inexigibilidade;Por item;Prefeitura Municipal de Chapecó;Diretoria de Segurança Pública;AQUISIÇÃO DE MUNIÇÕES PARA ARMAMENTO DA GUARDA MUNICIPAL;80.343,00;Menor preço;https://transparencia.e-publica.net/epublica-portal/#/chapeco/portal/compras/licitacaoView?params=%7B%22id%22%3A%221%7C9030%22%2C%22mode%22%3A%22INFO%22%7D
2023-05-22;;042/2023;;Dispensa por Justificativa;Por item;Fundo Municipal de Saúde de Chapecó;Secretaria de Saúde;CONTRATAÇÃO DE ORGANIZAÇÃO SOCIAL PARA ADMINISTRAR O HOSPITAL DA CRIANÇA AUGUSTA MULLER BOHNER E O CENTRO DE ATENDIMENTO PEDIÁTRICO.;10.556.017,14;Menor preço;https://transparencia.e-publica.net/epublica-portal/#/chapeco/portal/compras/licitacaoView?params=%7B%22id%22%3A%221%7C9088%22%2C%22mode%22%3A%22INFO%22%7D
2023-05-22;16:00;138/2023;licitações-e;Pregão Eletrônico;Por item;Prefeitura Municipal de Chapecó;Secretaria da Família e Proteção Social;AQUISIÇÃO DE GÁS A GRANEL PARA MANUTENÇÃO DAS ATIVIDADES DA COZINHA COMUNITÁRIA, CIDADE DO IDOSO E RESTAURANTE POPULAR BANDEJÃO;400.000,00;Menor preço;https://transparencia.e-publica.net/epublica-portal/#/chapeco/portal/compras/licitacaoView?params=%7B%22id%22%3A%221%7C9033%22%2C%22mode%22%3A%22INFO%22%7D
2023-05-22;15:00;140/2023;licitações-e;Pregão Eletrônico;Por item;Prefeitura Municipal de Chapecó;Secretaria de Educação;AQUISIÇÃO DE VEÍCULO TIPO PICAPE, PARA A SECRETARIA DE EDUCAÇÃO;297.533,32;Menor preço;https://transparencia.e-publica.net/epublica-portal/#/chapeco/portal/compras/licitacaoView?params=%7B%22id%22%3A%221%7C9035%22%2C%22mode%22%3A%22INFO%22%7D
2023-05-22;;040/2023;;Inexigibilidade;Por item;Fundo Municipal de Saúde de Chapecó;Secretaria de Saúde;Contratação de prestadores de serviços para a realização de consultas, exames e procedimentos de diagnose em fonoaudiologia, para atendimento a pacientes usuários do Sistema Único de Saúde.;252.200,00;Menor preço;https://transparencia.e-publica.net/epublica-portal/#/chapeco/portal/compras/licitacaoView?params=%7B%22id%22%3A%221%7C9086%22%2C%22mode%22%3A%22INFO%22%7D
2023-05-23;15:00;143/2023;Setor de Compras e Licitações na Prefeitura Municipal de Chapecó;Pregão Presencial;Por item;Prefeitura Municipal de Chapecó;Diretoria de Segurança Pública;AQUISIÇÃO DE ABRIGOS DE PASSAGEIROS EM CONCRETO PRÉ-MOLDADO;398.000,00;Menor preço;https://transparencia.e-publica.net/epublica-portal/#/chapeco/portal/compras/licitacaoView?params=%7B%22id%22%3A%221%7C9040%22%2C%22mode%22%3A%22INFO%22%7D
2023-05-23;14:00;137/2023;Setor de Compras e Licitações na Prefeitura Municipal de Chapecó;Tomada de Preço;Global;Prefeitura Municipal de Chapecó;Secretaria de Planejamento e Desenvolvimento;CONTRATAÇÃO DE EMPRESA PARA A REALIZAÇÃO DE INSTALAÇÃO ELÉTRICA E DE CABEAMENTO ESTRUTURADO NA NOVA SEDE DAS SECRETARIAS DE FAMÍLIA E PROTEÇÃO SOCIAL E DESENVOLVIMENTO SUSTENTÁVEL E OBRAS ESTRUTURANTES.;1.414.474,46;Menor preço;https://transparencia.e-publica.net/epublica-portal/#/chapeco/portal/compras/licitacaoView?params=%7B%22id%22%3A%221%7C9032%22%2C%22mode%22%3A%22INFO%22%7D
2023-05-24;15:00;009/2023;Setor de Compras e Licitações da Prefeitura Municipal de Chapecó;Pregão Presencial;Por item;Fundo Municipal de Assistência Social de Chapecó;Secretaria da Família e Proteção Social;AQUISIÇÃO DE MARMITAS PRONTAS PARA SUPRIR DEMANDA DA CASA DE PASSAGEM;225.000,00;Menor preço;https://transparencia.e-publica.net/epublica-portal/#/chapeco/portal/compras/licitacaoView?params=%7B%22id%22%3A%221%7C9037%22%2C%22mode%22%3A%22INFO%22%7D
2023-05-24;16:00;134/2023;Setor de Compras e Licitações na Prefeitura Municipal de Chapecó;Pregão Presencial;Por item;Prefeitura Municipal de Chapecó;Secretaria de Desenvolvimento Urbano;AQUISIÇÃO DE TATAME PARA KARATÊ;30.360,00;Menor preço;https://transparencia.e-publica.net/epublica-portal/#/chapeco/portal/compras/licitacaoView?params=%7B%22id%22%3A%221%7C9029%22%2C%22mode%22%3A%22INFO%22%7D
2023-05-24;14:00;037/2023;Setor de Compras e Licitações da Prefeitura Municipal de Chapecó;Tomada de Preço;Global;Fundo Municipal de Saúde de Chapecó;Secretaria de Saúde;CONTRATAÇÃO DE EMPRESA PARA A REALIZAÇÃO DE REFORMA DE EDIFICAÇÃO DESTINADA AO FUNCIONAMENTO DO CENTRO DE SAÚDE DO BAIRRO EFAPI.;599.307,47;Menor preço;https://transparencia.e-publica.net/epublica-portal/#/chapeco/portal/compras/licitacaoView?params=%7B%22id%22%3A%221%7C9045%22%2C%22mode%22%3A%22INFO%22%7D
2023-05-24;15:00;009/2023;Setor de Compras e Licitações da Prefeitura Municipal de Chapecó;Pregão Presencial;Por item;Fundo Municipal de Assistência Social de Chapecó;Fundação Cultural de Chapecó;AQUISIÇÃO DE MARMITAS PRONTAS PARA SUPRIR DEMANDA DA CASA DE PASSAGEM;225.000,00;Menor preço;https://transparencia.e-publica.net/epublica-portal/#/chapeco/portal/compras/licitacaoView?params=%7B%22id%22%3A%221%7C9037%22%2C%22mode%22%3A%22INFO%22%7D
2023-05-24;;176/2023;;Inexigibilidade;Por item;Prefeitura Municipal de Chapecó;Secretaria de Serviços Urbanos;AQUISIÇÃO DE CARGAS DE CASCALHO (ROCHA MELÁFIRA) PARA MANUTENÇÃO DE ESTRADAS E VIAS PÚBLICAS DO MUNICÍPIO.;132.000,00;Menor preço;https://transparencia.e-publica.net/epublica-portal/#/chapeco/portal/compras/licitacaoView?params=%7B%22id%22%3A%221%7C9084%22%2C%22mode%22%3A%22INFO%22%7D
2023-05-25;;046/2023;;Dispensa por Justificativa;Por item;Fundo Municipal de Saúde de Chapecó;Secretaria de Saúde;LOCAÇÃO DE SOFTWARE, COMPREENDENDO A LICENÇA DE USO TEMPORÁRIA PARA SISTEMA DE GESTÃO PÚBLICA DESTINADA A GESTÃO DE SAÚDE.;254.298,00;Menor preço;https://transparencia.e-publica.net/epublica-portal/#/chapeco/portal/compras/licitacaoView?params=%7B%22id%22%3A%221%7C9104%22%2C%22mode%22%3A%22INFO%22%7D
2023-05-25;14:00;133/2023;Setor de Compras e Licitações na Prefeitura Municipal de Chapecó;Pregão Presencial;Lote;Prefeitura Municipal de Chapecó;Secretaria de Infraestrutura Urbana;AQUISIÇÃO DE PEÇAS E SERVIÇO DE MÃO DE OBRA PARA MANUTENÇÃO DE VEÍCULO RETRO ESCAVADEIRA JCB 4X4 PATRIMÔNIO 39274;25.280,95;Menor preço;https://transparencia.e-publica.net/epublica-portal/#/chapeco/portal/compras/licitacaoView?params=%7B%22id%22%3A%221%7C9027%22%2C%22mode%22%3A%22INFO%22%7D
2023-05-26;;011/2023;;Dispensa por Justificativa;Por item;Fundo Municipal de Assistência Social de Chapecó;Secretaria de Assistência Social;LOCAÇÃO DE SOFTWARE, COMPREEENDENDO A LICENÇA DE USO TEMPORÁRIA PARA SISTEMA DE GESTÃO PÚBLICA DESTINADO A GESTÃO DA ASSISTÊNCIA SOCIAL.;27.234,00;Menor preço;https://transparencia.e-publica.net/epublica-portal/#/chapeco/portal/compras/licitacaoView?params=%7B%22id%22%3A%221%7C9105%22%2C%22mode%22%3A%22INFO%22%7D
2023-05-26;;186/2023;;Dispensa por Justificativa;Por item;Prefeitura Municipal de Chapecó;Secretaria de Educação;LOCAÇÃO DE SOFTWARE, COMPREENDENDO A LICENÇA DE USO TEMPORÁRIA PARA SISTEMA DE GESTÃO PÚBLICA DESTINADO A GESTÃO DE EDUCAÇÃO.;108.648,00;Menor preço;https://transparencia.e-publica.net/epublica-portal/#/chapeco/portal/compras/licitacaoView?params=%7B%22id%22%3A%221%7C9102%22%2C%22mode%22%3A%22INFO%22%7D
2023-05-29;16:00;156/2023;Setor de Compras e Licitações na Prefeitura Municipal de Chapecó;Pregão Presencial;Global;Prefeitura Municipal de Chapecó;Secretaria de Educação;CONTRATAÇÃO DE EMPRESA PARA REALIZAR MELHORIAS NO CENTRO DE EDUCAÇÃO INFANTIL MUNICIPAL – CEIM PEQUENO PENSADOR;73.763,81;Menor preço;https://transparencia.e-publica.net/epublica-portal/#/chapeco/portal/compras/licitacaoView?params=%7B%22id%22%3A%221%7C9056%22%2C%22mode%22%3A%22INFO%22%7D
2023-05-30;16:00;147/2023;licitacoes-e;Pregão Eletrônico;Por item;Prefeitura Municipal de Chapecó;Diretoria de Segurança Pública;AQUISIÇÃO DE EQUIPAMENTOS DE COMBATE A INCÊNDIO ESTRUTURAL DESTINADOS AO CORPO DE BOMBEIROS MILITAR DE CHAPECÓ;128.013,00;Menor preço;https://transparencia.e-publica.net/epublica-portal/#/chapeco/portal/compras/licitacaoView?params=%7B%22id%22%3A%221%7C9046%22%2C%22mode%22%3A%22INFO%22%7D
2023-05-30;14:00;038/2023;Setor de Compras e Licitações da Prefeitura Municipal de Chapecó;Pregão Presencial;Global;Fundo Municipal de Saúde de Chapecó;Secretaria de Saúde;CONTRATAÇÃO DE EMPRESA PARA REALIZAR REFORMA DA UNIDADE BÁSICA DE SAÚDE DO CHICO MENDES;170.832,98;Menor preço;https://transparencia.e-publica.net/epublica-portal/#/chapeco/portal/compras/licitacaoView?params=%7B%22id%22%3A%221%7C9051%22%2C%22mode%22%3A%22INFO%22%7D
2023-05-30;15:00;149/2023;Setor de Compras e Licitações na Prefeitura Municipal de Chapecó;Tomada de Preço;Global;Prefeitura Municipal de Chapecó;Secretaria de Planejamento e Desenvolvimento;CONTRATAÇÃO DE EMPRESA PARA A REALIZAÇÃO DE PAVIMENTAÇÃO ASFÁLTICA EM DIVERSAS RUAS;2.346.541,83;Menor preço;https://transparencia.e-publica.net/epublica-portal/#/chapeco/portal/compras/licitacaoView?params=%7B%22id%22%3A%221%7C9048%22%2C%22mode%22%3A%22INFO%22%7D
2023-05-31;15:00;148/2023;Setor de Compras e Licitações na Prefeitura Municipal de Chapecó;Pregão Presencial;Global;Prefeitura Municipal de Chapecó;Secretaria de Desenvolvimento Sustentável e Obras Estruturantes;CONTRATAÇÃO DE EMPRESA PARA REALIZAR DESMONTAGEM E MONTAGEM DE DIVISÓRIAS PARA NOVA SEDE DAS SECRETARIAS SEDES E SEFASO;94.593,50;Menor preço;https://transparencia.e-publica.net/epublica-portal/#/chapeco/portal/compras/licitacaoView?params=%7B%22id%22%3A%221%7C9047%22%2C%22mode%22%3A%22INFO%22%7D
2023-05-31;16:00;157/2023;Setor de Compras e Licitações na Prefeitura Municipal de Chapecó;Pregão Presencial;Por item;Prefeitura Municipal de Chapecó;Diretoria de Segurança;AQUISIÇÃO DE MATERIAL E SERVIÇOS DE PINTURA TERMOPLÁSTICA (PINTURA A QUENTE) PARA SINALIZAÇÃO VIÁRIA DO MUNICÍPIO;1.434.000,00;Menor preço;https://transparencia.e-publica.net/epublica-portal/#/chapeco/portal/compras/licitacaoView?params=%7B%22id%22%3A%221%7C9057%22%2C%22mode%22%3A%22INFO%22%7D
2023-06-01;14:00;168/2023;Setor de Compras e Licitações na Prefeitura Municipal de Chapecó;Pregão Presencial;Global;Prefeitura Municipal de Chapecó;Secretaria de Educação;CONTRATAÇÃO DE EMPRESA PARA REALIZAR CERCAMENTO DAS ESCOLAS DA REDE MUNICIPAL DE ENSINO;3.845.378,86;Menor preço;https://transparencia.e-publica.net/epublica-portal/#/chapeco/portal/compras/licitacaoView?params=%7B%22id%22%3A%221%7C9074%22%2C%22mode%22%3A%22INFO%22%7D
2023-06-02;14:00;039/2023;Setor de Compras e Licitações da Prefeitura Municipal de Chapecó;Pregão Presencial;Lote;Fundo Municipal de Saúde de Chapecó;Secretaria Municipal de Saúde;TRANSFORMAÇÃO DE ÔNIBUS EM UNIDADE MÓVEL DE ATENDIMENTO MÉDICO E ODONTOLÓGICO.;226.941,17;Menor preço;https://transparencia.e-publica.net/epublica-portal/#/chapeco/portal/compras/licitacaoView?params=%7B%22id%22%3A%221%7C9075%22%2C%22mode%22%3A%22INFO%22%7D
2023-06-05;14:00;144/2023;Licitações-e;Pregão Eletrônico;Lote;Prefeitura Municipal de Chapecó;Secretaria de Infraestrutura Urbana;AQUISIÇÃO DE FORMA PARCELADA DE FILTROS PARA VEÍCULOS LEVES E PESADOS DA FROTA MUNICIPAL;77.882,80;Menor preço;https://transparencia.e-publica.net/epublica-portal/#/chapeco/portal/compras/licitacaoView?params=%7B%22id%22%3A%221%7C9042%22%2C%22mode%22%3A%22INFO%22%7D
2023-06-05;15:00;152/2023;Setor de Compras e Licitações na Prefeitura Municipal de Chapecó;Tomada de Preço;Global;Prefeitura Municipal de Chapecó;Secretaria de Desenvolvimento Sustentável e Obras Estruturantes;CONSTRUÇÃO DE PRAÇA NO LOTEAMENTO PINHEIROS;279.035,35;Menor preço;https://transparencia.e-publica.net/epublica-portal/#/chapeco/portal/compras/licitacaoView?params=%7B%22id%22%3A%221%7C9052%22%2C%22mode%22%3A%22INFO%22%7D
2023-06-05;;048/2023;;Inexigibilidade;Por item;Fundo Municipal de Saúde de Chapecó;Secretaria de Saúde;CONTRATAÇÃO DE PRESTADORES DE SERVIÇO PARA CONFECÇÃO E CONSERTOS DE PRÓTESES PARA ATENDIMENTO AOS PACIENTES USUÁRIOS DO SISTEMA ÚNICO DE CHAPECÓ;546.891,74;Menor preço;https://transparencia.e-publica.net/epublica-portal/#/chapeco/portal/compras/licitacaoView?params=%7B%22id%22%3A%221%7C9112%22%2C%22mode%22%3A%22INFO%22%7D
2023-06-06;15:00;010/2023;Setor de Compras e Licitações da Prefeitura Municipal de Chapecó;Pregão Presencial;Lote;Fundo Municipal de Assistência Social de Chapecó;Secretaria da Família e Proteção Social;CONTRATAÇÃO DE EMPRESA PARA INSTALAÇÃO DE FORROS E DIVISÓRIAS NO CRAS LÍDER E NO CENTRO DE CONVIVÊNCIA PASSO DOS FORTES;29.481,15;Menor preço;https://transparencia.e-publica.net/epublica-portal/#/chapeco/portal/compras/licitacaoView?params=%7B%22id%22%3A%221%7C9072%22%2C%22mode%22%3A%22INFO%22%7D
2023-06-06;09:00;141/2023;Setor de Compras e Licitações na Prefeitura Municipal de Chapecó;Pregão Presencial;Lote;Prefeitura Municipal de Chapecó;Secretaria de Infraestrutura Urbana;AQUISIÇÃO DE FORMA PARCELADA DE PNEUS NOVOS, CÂMARAS E PROTETORES PARA MANUTENÇÃO DA FROTA MUNICIPAL;1.133.354,54;Menor preço;https://transparencia.e-publica.net/epublica-portal/#/chapeco/portal/compras/licitacaoView?params=%7B%22id%22%3A%221%7C9038%22%2C%22mode%22%3A%22INFO%22%7D
2023-06-06;14:00;022/2023;Setor de Compras e Licitações da Prefeitura Municipal de Chapecó;Pregão Presencial;Lote;Fundo Municipal de Saúde de Chapecó;Secretaria de Saúde;CONTRATAÇÃO DE EMPRESA ESPECIALIZADA EM IMPLANTAÇÃO E OPERACIONALIZAÇÃO DE SERVIÇO DE TELEMEDICINA, DESTINADO AO ATENDIMENTO REMOTO, EM TEMPO REAL, AOS USUÁRIOS DO MUNICÍPIO DE CHAPECÓ POR MEIO DE APLICATIVO PRÓPRIO DE VIDEOCHAMADA, REALIZADO POR EQUIPE MÉDICA DEVIDAMENTE REGISTRADOS NO CONSELHO REGIONAL DE MEDICINA - CRM.;7.428.000,00;Menor preço;https://transparencia.e-publica.net/epublica-portal/#/chapeco/portal/compras/licitacaoView?params=%7B%22id%22%3A%221%7C8957%22%2C%22mode%22%3A%22INFO%22%7D
2023-06-06;;049/2023;;Inexigibilidade;Por item;Fundo Municipal de Saúde de Chapecó;Secretaria de Saúde;Contratação de prestador de serviços para realização de procedimentos oftalmológicos para atendimento a pacientes usuários do Sistema Único de Saúde;67.934,40;Menor preço;https://transparencia.e-publica.net/epublica-portal/#/chapeco/portal/compras/licitacaoView?params=%7B%22id%22%3A%221%7C9114%22%2C%22mode%22%3A%22INFO%22%7D
2023-06-07;15:00;163/2023;Setor de Compras e Licitações na Prefeitura Municipal de Chapecó;Pregão Presencial;Lote;Fundo Municipal de Assistência Social de Chapecó, Prefeitura Municipal de Chapecó;Secretaria da Família e Proteção Social;AQUISIÇÃO DE MATERIAL DE HIGIENE E LIMPEZA PARA DAR CONTINUIDADE NAS ATIVIDADES DESENVOLVIDAS PELOS PROGRAMAS OFERECIDOS PELA ASSISTÊNCIA SOCIAL;156.030,15;Menor preço;https://transparencia.e-publica.net/epublica-portal/#/chapeco/portal/compras/licitacaoView?params=%7B%22id%22%3A%221%7C9067%22%2C%22mode%22%3A%22INFO%22%7D
2023-06-12;;184/2023;;Dispensa por Justificativa;Por item;Prefeitura Municipal de Chapecó;Diretoria Geral de Gestão Administrativa;Contratação do sistema denominado WCompras, para realização em meio digital, por intermédio da rede mundial de computadores, especificamente na modalidade Pregão, em todas as suas formas.;1,00;Menor preço;https://transparencia.e-publica.net/epublica-portal/#/chapeco/portal/compras/licitacaoView?params=%7B%22id%22%3A%221%7C9100%22%2C%22mode%22%3A%22INFO%22%7D
2023-06-12;16:00;146/2023;Setor de Compras e Licitações na Prefeitura Municipal de Chapecó;Pregão Presencial;Lote;Prefeitura Municipal de Chapecó;Secretaria de Desenvolvimento Rural;AQUISIÇÃO DE MEDICAMENTOS PARA CASTRAÇÃO DE ANIMAIS E CONTROLE DE ZOONOSES;68.714,21;Menor preço;https://transparencia.e-publica.net/epublica-portal/#/chapeco/portal/compras/licitacaoView?params=%7B%22id%22%3A%221%7C9044%22%2C%22mode%22%3A%22INFO%22%7D
2023-06-12;14:00;166/2023;Setor de Compras e Licitações na Prefeitura Municipal de Chapecó;Pregão Presencial;Por item;Prefeitura Municipal de Chapecó;Secretaria de Serviços Urbanos;AQUISIÇÃO DE MATERIAL BETUMINOSO;747.193,50;Menor preço;https://transparencia.e-publica.net/epublica-portal/#/chapeco/portal/compras/licitacaoView?params=%7B%22id%22%3A%221%7C9071%22%2C%22mode%22%3A%22INFO%22%7D
2023-06-13;15:00;165/2023;Setor de Compras e Licitações na Prefeitura Municipal de Chapecó;Pregão Presencial;Por item;Prefeitura Municipal de Chapecó;Secretaria de Educação;AQUISIÇÃO E INSTALAÇÃO DE BEBEDOUROS INDUSTRIAIS NA INSTITUIÇÕES MUNICIPAIS DE ENSINO;230.395,00;Menor preço;https://transparencia.e-publica.net/epublica-portal/#/chapeco/portal/compras/licitacaoView?params=%7B%22id%22%3A%221%7C9070%22%2C%22mode%22%3A%22INFO%22%7D
2023-06-13;14:00;170/2023;Setor de Compras e Licitações na Prefeitura Municipal de Chapecó;Tomada de Preço;Global;Prefeitura Municipal de Chapecó;Secretaria de Planejamento e Desenvolvimento;CONTRATAÇÃO DE EMPRESA PARA A REALIZAÇÃO DE PAVIMENTAÇÃO ASFÁLTICA EM RUAS DIVERSAS;3.066.750,57;Menor preço;https://transparencia.e-publica.net/epublica-portal/#/chapeco/portal/compras/licitacaoView?params=%7B%22id%22%3A%221%7C9077%22%2C%22mode%22%3A%22INFO%22%7D
2023-06-14;16:00;161/2023;Setor de Compras e Licitações na Prefeitura Municipal de Chapecó;Pregão Presencial;Lote;Fundo Municipal de Assistência Social de Chapecó, Prefeitura Municipal de Chapecó;Secretaria de Assistência Social;CONTRATAÇÃO DE EMPRESA ESPECIALIZADA EM LIMPEZA DE FOSSAS PARA CONTINUIDADE DOS SERVIÇOS DE ASSISTÊNCIA SOCIAL;28.500,00;Menor preço;https://transparencia.e-publica.net/epublica-portal/#/chapeco/portal/compras/licitacaoView?params=%7B%22id%22%3A%221%7C9064%22%2C%22mode%22%3A%22INFO%22%7D
2023-06-14;14:00;167/2023;Setor de Compras e Licitações na Prefeitura Municipal de Chapecó;Pregão Presencial;Por item;Prefeitura Municipal de Chapecó;Secretaria de Infraestrutura Urbana;AQUISIÇÃO DE FORMA PARCELADA DE DETERGENTES;24.950,00;Menor preço;https://transparencia.e-publica.net/epublica-portal/#/chapeco/portal/compras/licitacaoView?params=%7B%22id%22%3A%221%7C9073%22%2C%22mode%22%3A%22INFO%22%7D
2023-06-14;15:00;028/2023;Setor de Compras e Licitações da Prefeitura Municipal de Chapecó;Pregão Presencial;Lote;Fundo Municipal de Saúde de Chapecó;Secretaria Municipal de Saúde;AQUISIÇÃO PARCELADA DE MATERIAIS DE USO LABORATORIAL PARA REALIZAÇÃO DE COLETA DE SANGUE AO LABORATÓRIO MUNICIPAL DE ANÁLISES CLÍNICAS E AMBIENTAIS.;416.333,00;Menor preço;https://transparencia.e-publica.net/epublica-portal/#/chapeco/portal/compras/licitacaoView?params=%7B%22id%22%3A%221%7C8980%22%2C%22mode%22%3A%22INFO%22%7D
2023-06-15;16:00;159/2023;Setor de Compras e Licitações na Prefeitura Municipal de Chapecó;Pregão Presencial;Global;Prefeitura Municipal de Chapecó;Secretaria de Educação;CONTRATAÇÃO DE EMPRESA COM FORNECIMENTO DE MATERIAL PARA RESTAURAÇÃO E SUBSTITUIÇÃO DE TACOS DE MADEIRA DANIFICADOS NA EPC CIRO SONOSKI;87.686,62;Menor preço;https://transparencia.e-publica.net/epublica-portal/#/chapeco/portal/compras/licitacaoView?params=%7B%22id%22%3A%221%7C9060%22%2C%22mode%22%3A%22INFO%22%7D
2023-06-16;14:00;172/2023;Setor de Compras e Licitações na Prefeitura Municipal de Chapecó;Convite;Global;Prefeitura Municipal de Chapecó;Secretaria de Educação;RECONSTRUÇÃO PARCIAL DE MURO EM PEDRA NO CEMITÉRIO ECUMÊNICO JOÃO PAULO II.;55.500,00;Menor preço;https://transparencia.e-publica.net/epublica-portal/#/chapeco/portal/compras/licitacaoView?params=%7B%22id%22%3A%221%7C9080%22%2C%22mode%22%3A%22INFO%22%7D
2023-06-19;;056/2023;;Dispensa por Justificativa;Por item;Fundo Municipal de Saúde de Chapecó;Secretaria Municipal de Saúde;AQUISIÇÃO EMERGENCIAL DE MEDICAMENTOS PARA ABASTECER A REDE DE SAÚDE.;754.670,77;Menor preço;https://transparencia.e-publica.net/epublica-portal/#/chapeco/portal/compras/licitacaoView?params=%7B%22id%22%3A%221%7C9148%22%2C%22mode%22%3A%22INFO%22%7D
2023-06-20;16:00;169/2023;Setor de Compras e Licitações na Prefeitura Municipal de Chapecó;Pregão Presencial;Global;Prefeitura Municipal de Chapecó;Secretaria de Educação;CONTRATAÇÃO DE EMPRESA PARA REALIZAR MELHORIAS NA ESCOLA BÁSICA MUNICIPAL – EBM CRUZ E SOUZA;85.263,45;Menor preço;https://transparencia.e-publica.net/epublica-portal/#/chapeco/portal/compras/licitacaoView?params=%7B%22id%22%3A%221%7C9076%22%2C%22mode%22%3A%22INFO%22%7D
2023-06-20;;055/2023;;Inexigibilidade;Por item;Fundo Municipal de Saúde de Chapecó;Secretaria de Saúde;MATERIAL E MÃO DE OBRA PARA CONSERTO DO APARELHO DE ULTRASSONOGRAFIA, MARCA PHILIPS, SÉRIE: US41390345 MODELO: CLEARVUE 550 ULTRASOUND SYSTEM, UTILIZADO NA CLÍNICA DA MULHER.;33.358,72;Menor preço;https://transparencia.e-publica.net/epublica-portal/#/chapeco/portal/compras/licitacaoView?params=%7B%22id%22%3A%221%7C9141%22%2C%22mode%22%3A%22INFO%22%7D
2023-06-21;16:00;190/2023;Setor de Compras e Licitações na Prefeitura Municipal de Chapecó;Convite;Global;Prefeitura Municipal de Chapecó;Secretaria de Desenvolvimento Sustentável e Obras Estruturantes;CONTRATAÇÃO DOS SERVIÇOS PARA EXECUÇÃO DO MURO, GRADES E CONCERTINAS NA ARENA CONDÁ.;61.962,09;Menor preço;https://transparencia.e-publica.net/epublica-portal/#/chapeco/portal/compras/licitacaoView?params=%7B%22id%22%3A%221%7C9116%22%2C%22mode%22%3A%22INFO%22%7D
2023-06-21;15:00;033/2023;;Pregão Presencial;Lote;Fundo Municipal de Saúde de Chapecó;Secretaria Municipal da Saúde;AQUISIÇÃO DE PEÇAS PARA SERVIÇOS DE MANUTENÇÃO PREVENTIVA E CORRETIVA DOS EQUIPAMENTOS ODONTOLÓGICOS DA REDE DE SAÚDE BUCAL DA SECRETARIA MUNICIPAL DE SAÚDE;157.475,02;Menor preço;https://transparencia.e-publica.net/epublica-portal/#/chapeco/portal/compras/licitacaoView?params=%7B%22id%22%3A%221%7C9017%22%2C%22mode%22%3A%22INFO%22%7D
2023-06-22;14:00;171/2023;Setor de Compras e Licitações na Prefeitura Municipal de Chapecó;Concorrência;Global;Prefeitura Municipal de Chapecó;Secretaria de Desenvolvimento Sustentável e Obras Estruturantes;CONTRATAÇÃO DE EMPRESA PARA A REALIZAÇÃO DOS SERVIÇOS DE PAVIMENTAÇÃO ASFÁLTICA EM RUAS DO MUNICÍPIO;4.916.847,53;Menor preço;https://transparencia.e-publica.net/epublica-portal/#/chapeco/portal/compras/licitacaoView?params=%7B%22id%22%3A%221%7C9079%22%2C%22mode%22%3A%22INFO%22%7D
2023-06-22;16:00;178/2023;Setor de Compras e Licitações na Prefeitura Municipal de Chapecó;Pregão Presencial;Lote;Prefeitura Municipal de Chapecó;Secretaria de Educação;AQUISIÇÃO DE BRINQUEDOS INFANTIS PARA A ESCOLA BÁSICA MUNICIPAL VICTOR MEIRELES;143.546,86;Menor preço;https://transparencia.e-publica.net/epublica-portal/#/chapeco/portal/compras/licitacaoView?params=%7B%22id%22%3A%221%7C9089%22%2C%22mode%22%3A%22INFO%22%7D
2023-06-26;14:00;173/2023;Setor de Compras e Licitações na Prefeitura Municipal de Chapecó;Concorrência;Global;Prefeitura Municipal de Chapecó;Secretaria de Desenvolvimento Sustentável e Obras Estruturantes;CONTRATAÇÃO DE EMPRESA PARA A REALIZAÇÃO DOS SERVIÇOS DE PAVIMENTAÇÃO ASFÁLTICA EM DIVERSAS RUAS;4.595.785,68;Menor preço;https://transparencia.e-publica.net/epublica-portal/#/chapeco/portal/compras/licitacaoView?params=%7B%22id%22%3A%221%7C9081%22%2C%22mode%22%3A%22INFO%22%7D
2023-06-28;16:00;153/2023;Setor de Compras e Licitações na Prefeitura Municipal de Chapecó;Pregão Presencial;Lote;Prefeitura Municipal de Chapecó;Secretaria de Serviços Urbanos;AQUISIÇÃO DE PEÇAS E SERVIÇOS DE MÃO DE OBRA PARA MANUTENÇÃO DA MINI CARREGADEIRA BOBCAT S-570, PATRIMÔNIO Nº 93931;26.581,83;Menor preço;https://transparencia.e-publica.net/epublica-portal/#/chapeco/portal/compras/licitacaoView?params=%7B%22id%22%3A%221%7C9053%22%2C%22mode%22%3A%22INFO%22%7D
2023-06-28;14:00;181/2023;Setor de Compras e Licitações na Prefeitura Municipal de Chapecó;Pregão Presencial;Por item;Prefeitura Municipal de Chapecó;Secretaria de Serviços Urbanos;AQUISIÇÃO DE ÓLEOS LUBRIFICANTES PARA MANUTENÇÃO DA FROTA MUNICIPAL;239.933,00;Menor preço;https://transparencia.e-publica.net/epublica-portal/#/chapeco/portal/compras/licitacaoView?params=%7B%22id%22%3A%221%7C9094%22%2C%22mode%22%3A%22INFO%22%7D
2023-06-29;14:00;136/2023;Setor de Compras e Licitações na Prefeitura Municipal de Chapecó;Pregão Presencial;Por item;Prefeitura Municipal de Chapecó;Secretaria de Infraestrutura Urbana;AQUISIÇÃO DE PEÇAS DE MEIO FIO;29.000,00;Menor preço;https://transparencia.e-publica.net/epublica-portal/#/chapeco/portal/compras/licitacaoView?params=%7B%22id%22%3A%221%7C9031%22%2C%22mode%22%3A%22INFO%22%7D
2023-06-29;15:00;175/2023;Setor de Compras e Licitações na Prefeitura Municipal de Chapecó;Pregão Presencial;Global;Prefeitura Municipal de Chapecó;Secretaria de Educação;CONTRATAÇÃO DE EMPRESA PARA REALIZAR REFORMA NA QUADRA DA ESCOLA BÁSICA MUNICIPAL – EBM CRUZ E SOUZA;432.619,00;Menor preço;https://transparencia.e-publica.net/epublica-portal/#/chapeco/portal/compras/licitacaoView?params=%7B%22id%22%3A%221%7C9083%22%2C%22mode%22%3A%22INFO%22%7D
2023-06-29;16:00;180/2023;Setor de Compras e Licitações na Prefeitura Municipal de Chapecó;Pregão Presencial;Lote;Prefeitura Municipal de Chapecó;Secretaria de Educação;AQUISIÇÃO DE MATERIAIS, PERIFÉRICOS E EQUIPAMENTOS DE INFORMÁTICA;25.355,19;Menor preço;https://transparencia.e-publica.net/epublica-portal/#/chapeco/portal/compras/licitacaoView?params=%7B%22id%22%3A%221%7C9092%22%2C%22mode%22%3A%22INFO%22%7D
2023-06-29;;231/2023;;Inexigibilidade;Por item;Prefeitura Municipal de Chapecó;Assessoriaia de Comunicação Social;ASSINATURA DE JORNAL PARA ATENDER AS NECESSIDADES DA ESTRUTURA DA PREFEITURA MUNICIPAL DE CHAPECÓ.;11.640,00;Menor preço;https://transparencia.e-publica.net/epublica-portal/#/chapeco/portal/compras/licitacaoView?params=%7B%22id%22%3A%221%7C9171%22%2C%22mode%22%3A%22INFO%22%7D
2023-06-30;18:00;1/2023;Setor de Compras e Licitações da Câmara de Vereadores de Chapecó;Outros;Por item;Câmara Municipal de Chapecó;Câmara Municipal de Chapecó;INSCRIÇÃO DE PROFISSIONAIS COM FORMAÇÃO EM COMUNICAÇÃO, PUBLICIDADE OU MARKETING OU QUE ATUEM EM UMA DESSAS ÁREAS PARA COMPOR A SUBCOMISSÃO TÉCNICA PARA ANÁLISE E JULGAMENTO DAS PROPOSTAS TÉCNICAS A SEREM APRESENTADAS EM LICITAÇÃO PARA CONTRATAÇÃO DE SERVIÇOS DE PUBLICIDADE PRESTADOS POR INTERMÉDIO DE AGÊNCIA DE PROPAGANDA.;2.679,80;Melhor técnica;https://transparencia.e-publica.net/epublica-portal/#/chapeco/portal/compras/licitacaoView?params=%7B%22id%22%3A%221%7C9161%22%2C%22mode%22%3A%22INFO%22%7D
2023-07-03;16:00;185/2023;Setor de Compras e Licitações na Prefeitura Municipal de Chapecó;Pregão Presencial;Global;Prefeitura Municipal de Chapecó;Secretaria de Educação;CONTRATAÇÃO DE EMPRESA ESPECIALIZADA PARA REFORMA NO CEIM MUNDO ENCANTADO;297.673,90;Menor preço;https://transparencia.e-publica.net/epublica-portal/#/chapeco/portal/compras/licitacaoView?params=%7B%22id%22%3A%221%7C9101%22%2C%22mode%22%3A%22INFO%22%7D
2023-07-03;14:00;189/2023;Setor de Compras e Licitações na Prefeitura Municipal de Chapecó;Tomada de Preço;Global;Prefeitura Municipal de Chapecó;Secretaria de Desenvolvimento Sustentável e Obras Estruturantes;CONTRATAÇÃO DOS SERVIÇOS DE CONCLUSÃO DA INFRAESTRUTURA DO LOTEAMENTO LODOVICO SILVESTRE, COMPREENDENDO SINALIZAÇÃO VIÁRIA, PASSEIOS, PARQUES E ÁREAS VERDES;1.160.989,62;Menor preço;https://transparencia.e-publica.net/epublica-portal/#/chapeco/portal/compras/licitacaoView?params=%7B%22id%22%3A%221%7C9111%22%2C%22mode%22%3A%22INFO%22%7D
2023-07-03;15:00;195/2023;Setor de Compras e Licitações na Prefeitura Municipal de Chapecó;Tomada de Preço;Global;Prefeitura Municipal de Chapecó;Secretaria de Desenvolvimento Sustentável e Obras Estruturantes;CONTRATAÇÃO DOS SERVIÇOS DE REFORMA DO PAVILHÃO COMUNITÁRIO DO BAIRRO PINHEIRINHO.;352.634,33;Menor preço;https://transparencia.e-publica.net/epublica-portal/#/chapeco/portal/compras/licitacaoView?params=%7B%22id%22%3A%221%7C9121%22%2C%22mode%22%3A%22INFO%22%7D
2023-07-04;14:00;044/2023;Setor de Compras e Licitações da Prefeitura Municipal de Chapecó;Pregão Presencial;Lote;Fundo Municipal de Saúde de Chapecó;Secretaria de Saúde;CONTRATAÇÃO DE SERVIÇO DE MANUTENÇÃO PREVENTIVA E CORRETIVA DOS CONSULTÓRIOS ODONTOLÓGICOS DA SECRETÁRIA DE SAÚDE MUNICIPAL;285.200,00;Menor preço;https://transparencia.e-publica.net/epublica-portal/#/chapeco/portal/compras/licitacaoView?params=%7B%22id%22%3A%221%7C9097%22%2C%22mode%22%3A%22INFO%22%7D
2023-07-04;16:00;194/2023;Setor de Compras e Licitações na Prefeitura Municipal de Chapecó;Tomada de Preço;Global;Prefeitura Municipal de Chapecó;Secretaria de Educação;CONTRATAÇÃO DE EMPRESA PARA PRESTAÇÃO DE SERVIÇOS DE REFORMA E AMPLIAÇÃO DO CENTRO DE EDUCAÇÃO INFANTIL ESPLANADA;1.175.907,90;Menor preço;https://transparencia.e-publica.net/epublica-portal/#/chapeco/portal/compras/licitacaoView?params=%7B%22id%22%3A%221%7C9120%22%2C%22mode%22%3A%22INFO%22%7D
2023-07-05;14:00;196/2023;Setor de Compras e Licitações na Prefeitura Municipal de Chapecó;Pregão Presencial;Por item;Prefeitura Municipal de Chapecó;Secretaria de Serviços Urbanos;LOCAÇÃO DE MÁQUINAS DESTINADAS AOS SERVIÇOS DE LIMPEZA E DESASSOREAMENTO DE CURSOS HÍDRICOS DO MUNICÍPIO;1.410.000,00;Menor preço;https://transparencia.e-publica.net/epublica-portal/#/chapeco/portal/compras/licitacaoView?params=%7B%22id%22%3A%221%7C9123%22%2C%22mode%22%3A%22INFO%22%7D
2023-07-05;16:00;200/2023;Setor de Compras e Licitações na Prefeitura Municipal de Chapecó;Pregão Presencial;Lote;Prefeitura Municipal de Chapecó;Secretaria de Serviços Urbanos;AQUISIÇÃO DE FORMA PARCELADA DE BLOCOS DE CONCRETO;139.850,00;Menor preço;https://transparencia.e-publica.net/epublica-portal/#/chapeco/portal/compras/licitacaoView?params=%7B%22id%22%3A%221%7C9129%22%2C%22mode%22%3A%22INFO%22%7D
2023-07-06;16:00;179/2023;Setor de Compras e Licitações na Prefeitura Municipal de Chapecó;Pregão Presencial;Global;Prefeitura Municipal de Chapecó;Diretoria de Segurança Pública;PERMISSÃO ADMINISTRATIVA DE USO ESPAÇO PÚBLICO DESTINADO A INSTALAÇÃO DE PLACAS IDENTIFICATIVAS DE RUAS COM DIREITO DE EXPLORAÇÃO PUBLICITÁRIA.;121.380,00;Maior lance ou oferta;https://transparencia.e-publica.net/epublica-portal/#/chapeco/portal/compras/licitacaoView?params=%7B%22id%22%3A%221%7C9090%22%2C%22mode%22%3A%22INFO%22%7D
2023-07-06;14:00;205/2023;Setor de Compras e Licitações na Prefeitura Municipal de Chapecó;Pregão Presencial;Lote;Prefeitura Municipal de Chapecó;Secretaria de Educação;IMPRESSÃO E MONTAGEM DAS AVALIAÇÕES E CARTÕES RESPOSTA DE ALUNOS DO 1º AO 9º ANO PARA O ANO LETIVO DE 2023.;264.414,24;Menor preço;https://transparencia.e-publica.net/epublica-portal/#/chapeco/portal/compras/licitacaoView?params=%7B%22id%22%3A%221%7C9134%22%2C%22mode%22%3A%22INFO%22%7D
2023-07-06;15:00;217/2023;Setor de Compras e Licitações na Prefeitura Municipal de Chapecó;Pregão Presencial;Lote;Prefeitura Municipal de Chapecó;Diretoria de Segurança Pública;AQUISIÇÃO DE FARDAMENTO DESTINADOS AOS INTEGRANTES DO CORPO DE BOMBEIROS MILITAR DE CHAPECÓ;153.066,40;Menor preço;https://transparencia.e-publica.net/epublica-portal/#/chapeco/portal/compras/licitacaoView?params=%7B%22id%22%3A%221%7C9154%22%2C%22mode%22%3A%22INFO%22%7D
2023-07-06;;059/2023;;Inexigibilidade;Por item;Fundo Municipal de Saúde de Chapecó;Secretaria Municipal de Saúde;MANUTENÇÃO PREVENTIVA E CORRETIVA DAS CÂMARAS DE CONSERVAÇÃO DE IMUNOBIOLÓGICOS, HEMODERIVADOS E TERMOLÁBEIS DA REDE DE FRIOS DO MUNICÍPIO.;59.280,00;Menor preço;https://transparencia.e-publica.net/epublica-portal/#/chapeco/portal/compras/licitacaoView?params=%7B%22id%22%3A%221%7C9197%22%2C%22mode%22%3A%22INFO%22%7D
2023-07-07;14:00;207/2023;Setor de Compras e Licitações na Prefeitura Municipal de Chapecó;Pregão Presencial;Lote;Prefeitura Municipal de Chapecó;Secretaria de Serviços Urbanos;AQUISIÇÃO DE PEÇAS E SERVIÇO DE MÃO DE OBRA PARA MANUTENÇÃO DE CAMINHÃO BASCULANTE IVECO EURO CARGO 260 E25 6X4 PATRIMÔNIO N. 87010;44.354,00;Menor preço;https://transparencia.e-publica.net/epublica-portal/#/chapeco/portal/compras/licitacaoView?params=%7B%22id%22%3A%221%7C9136%22%2C%22mode%22%3A%22INFO%22%7D
2023-07-07;16:00;226/2023;Setor de Compras e Licitações na Prefeitura Municipal de Chapecó;Pregão Presencial;Por item;Prefeitura Municipal de Chapecó;Secretaria de Desenvolvimento Rural;AQUISIÇÃO DE BOLSAS DE NYLON PARA AUXILIAR OS PARTICIPANTES DO PRIMEIRO ENCONTRO CATARINENSE DE AGRICULTURA REGENERATIVA EM CHAPECÓ;46.900,00;Menor preço;https://transparencia.e-publica.net/epublica-portal/#/chapeco/portal/compras/licitacaoView?params=%7B%22id%22%3A%221%7C9166%22%2C%22mode%22%3A%22INFO%22%7D
2023-07-10;14:00;192/2023;Setor de Compras e Licitações na Prefeitura Municipal de Chapecó;Pregão Presencial;Lote;Prefeitura Municipal de Chapecó, Fundo Municipal de Saúde de Chapecó, Fundação Cultural de Chapecó, Fundação Municipal de Desporto de Chapecó;Secretaria de Saúde;LOCAÇÃO DE GERADORES DE ENERGIA PARA REALIZAÇÃO DE EVENTOS;86.850,00;Menor preço;https://transparencia.e-publica.net/epublica-portal/#/chapeco/portal/compras/licitacaoView?params=%7B%22id%22%3A%221%7C9118%22%2C%22mode%22%3A%22INFO%22%7D
2023-07-10;15:00;201/2023;Setor de Compras e Licitações na Prefeitura Municipal de Chapecó;Pregão Presencial;Lote;Prefeitura Municipal de Chapecó, Fundação Cultural de Chapecó, Fundação Municipal de Desporto de Chapecó;Diretoria de Comunicação Social;LOCAÇÃO DE BANHEIROS QUÍMICOS PARA REALIZAÇÃO DE EVENTOS;44.000,00;Menor preço;https://transparencia.e-publica.net/epublica-portal/#/chapeco/portal/compras/licitacaoView?params=%7B%22id%22%3A%221%7C9130%22%2C%22mode%22%3A%22INFO%22%7D
2023-07-10;16:00;203/2023;Setor de Compras e Licitações na Prefeitura Municipal de Chapecó;Pregão Presencial;Lote;Prefeitura Municipal de Chapecó, Fundo Municipal de Saúde de Chapecó, Fundação Cultural de Chapecó, Fundação Municipal de Desporto de Chapecó;Secretaria de Saúde;LOCAÇÃO DE TRELIÇAS, GRADES DE CONTENÇÃO E ESTRUTURA DE APOIO PARA REALIZAÇÃO DE EVENTOS;193.200,00;Menor preço;https://transparencia.e-publica.net/epublica-portal/#/chapeco/portal/compras/licitacaoView?params=%7B%22id%22%3A%221%7C9132%22%2C%22mode%22%3A%22INFO%22%7D
2023-07-11;16:00;211/2023;Setor de Compras e Licitações na Prefeitura Municipal de Chapecó;Pregão Presencial;Lote;Prefeitura Municipal de Chapecó;Secretaria da Família e Proteção Social;AQUISIÇÃO PARCELADA DE ARMAÇÕES E LENTES OFTÁLMICAS PARA POPULAÇÃO EM SITUAÇÃO VULNERÁVEL, ATENDENDO AO PROGRAMA OLHO NO FUTURO;591.500,00;Menor preço;https://transparencia.e-publica.net/epublica-portal/#/chapeco/portal/compras/licitacaoView?params=%7B%22id%22%3A%221%7C9146%22%2C%22mode%22%3A%22INFO%22%7D
2023-07-11;14:00;054/2023;Setor de Compras e Licitações da Prefeitura Municipal de Chapecó;Pregão Presencial;Global;Fundo Municipal de Saúde de Chapecó;Secretaria de Saúde;CONTRATAÇÃO DE EMPRESA PARA REALIZAR SERVIÇO DE PINTURA NA UNIDADE BÁSICA DE SAÚDE DO JARDIM AMÉRICA;119.557,02;Menor preço;https://transparencia.e-publica.net/epublica-portal/#/chapeco/portal/compras/licitacaoView?params=%7B%22id%22%3A%221%7C9140%22%2C%22mode%22%3A%22INFO%22%7D
2023-07-12;16:00;215/2023;Setor de Compras e Licitações na Prefeitura Municipal de Chapecó;Pregão Presencial;Por item;Prefeitura Municipal de Chapecó;Secretaria de Educação;CONTRATAÇÃO DE EMPRESA ESPECIALIZADA PARA A INSTALAÇÃO ELÉTRICA NOS BUFFETS TÉRMICOS DAS INSTITUIÇÕES EDUCATIVAS DA REDE MUNICIPAL DE ENSINO;44.178,30;Menor preço;https://transparencia.e-publica.net/epublica-portal/#/chapeco/portal/compras/licitacaoView?params=%7B%22id%22%3A%221%7C9152%22%2C%22mode%22%3A%22INFO%22%7D
2023-07-12;15:00;216/2023;Setor de Compras e Licitações na Prefeitura Municipal de Chapecó;Pregão Presencial;Lote;Prefeitura Municipal de Chapecó;Secretaria de Educação;AQUISIÇÃO DE MATERIAIS ELÉTRICOS E HIDRÁULICO PARA A INSTALAÇÃO DE BUFFETS TÉRMICOS NAS INSTITUIÇÕES EDUCATIVAS;37.541,34;Menor preço;https://transparencia.e-publica.net/epublica-portal/#/chapeco/portal/compras/licitacaoView?params=%7B%22id%22%3A%221%7C9153%22%2C%22mode%22%3A%22INFO%22%7D
2023-07-12;14:00;197/2023;Setor de Compras e Licitações na Prefeitura Municipal de Chapecó;Tomada de Preço;Global;Prefeitura Municipal de Chapecó;Secretaria de Desenvolvimento Sustentável e Obras Estruturantes;CONTRATAÇÃO DE EMPRESA PARA A REALIZAÇÃO DE PAVIMENTAÇÃO ASFÁLTICA NA RUA ERNESTO BRAUN;2.184.488,89;Menor preço;https://transparencia.e-publica.net/epublica-portal/#/chapeco/portal/compras/licitacaoView?params=%7B%22id%22%3A%221%7C9125%22%2C%22mode%22%3A%22INFO%22%7D
2023-07-12;09:30;238/2023;Setor de Compras e Licitações na Prefeitura Municipal de Chapecó;Pregão Presencial;Global;Prefeitura Municipal de Chapecó;Secretaria de Governo;CONTRATAÇÃO DE EMPRESA DE ORGANIZAÇÃO DE EVENTOS, PARA ORGANIZAÇÃO DA ESTRUTURA, INCLUINDO CONTRATAÇÃO DE SHOWS DENTRO DA ARENA DE SHOWS, PARA A REALIZAÇÃO DA XXI EDIÇÃO DA EXPOSIÇÃO FEIRA AGROPECUÁRIA, INDUSTRIAL E COMERCIAL - EFAPI/2023, QUE SE REALIZARÁ NOS DIAS 06 A 15 DE OUTUBRO DE 2023. COM PERMISSÃO DE DIREITO DE EXPLORAÇÃO DE VENDAS DE INGRESSOS DURANTE O EVENTO, COM USO DE BENS PÚBLICOS A ELA AFETADOS.;139.885,38;Menor preço;https://transparencia.e-publica.net/epublica-portal/#/chapeco/portal/compras/licitacaoView?params=%7B%22id%22%3A%221%7C9181%22%2C%22mode%22%3A%22INFO%22%7D
2023-07-13;;061/2023;;Dispensa por Justificativa;Por item;Fundo Municipal de Saúde de Chapecó;Secretaria de Saúde;Contratação de entidade, devidamente qualificada como Organização Social, para gerenciamento, operacionalização e execução de ações e serviços de saúde em regime de 24 horas/dia na Unidade de Pronto Atendimento, de acordo com o Edital de Concurso e Projetos nº 01/2023.;93.733.018,68;Menor preço;https://transparencia.e-publica.net/epublica-portal/#/chapeco/portal/compras/licitacaoView?params=%7B%22id%22%3A%221%7C9219%22%2C%22mode%22%3A%22INFO%22%7D
2023-07-13;16:00;214/2023;Setor de Compras e Licitações na Prefeitura Municipal de Chapecó;Pregão Presencial;Lote;Prefeitura Municipal de Chapecó;Secretaria de Educação;CONTRATAÇÃO DE EMPRESA PARA REALIZAR MELHORIAS EM EQUIPAMENTOS EXISTENTES E FORNECIMENTO E INSTALAÇÃO DE EQUIPAMENTOS ESPORTIVOS NOVOS DAS UNIDADES EDUCACIONAIS;400.324,68;Menor preço;https://transparencia.e-publica.net/epublica-portal/#/chapeco/portal/compras/licitacaoView?params=%7B%22id%22%3A%221%7C9151%22%2C%22mode%22%3A%22INFO%22%7D
2023-07-13;15:00;213/2023;Setor de Compras e Licitações na Prefeitura Municipal de Chapecó;Tomada de Preço;Global;Prefeitura Municipal de Chapecó;Secretaria de Desenvolvimento Sustentável e Obras Estruturantes;CONSTRUÇÃO DE QUADRA ESPORTIVA NA PRAÇA VILA BETINHO;429.832,05;Menor preço;https://transparencia.e-publica.net/epublica-portal/#/chapeco/portal/compras/licitacaoView?params=%7B%22id%22%3A%221%7C9149%22%2C%22mode%22%3A%22INFO%22%7D
2023-07-13;14:00;212/2023;Setor de Compras e Licitações na Prefeitura Municipal de Chapecó;Pregão Presencial;Por item;Prefeitura Municipal de Chapecó;Secretaria de Serviços Urbanos;AQUISIÇÃO DE PLATAFORMA ELEVATÓRIA TIPO TESOURA.;130.700,00;Menor preço;https://transparencia.e-publica.net/epublica-portal/#/chapeco/portal/compras/licitacaoView?params=%7B%22id%22%3A%221%7C9147%22%2C%22mode%22%3A%22INFO%22%7D
2023-07-14;09:30;239/2023;Setor de Compras e Licitações na Prefeitura Municipal de Chapecó;Pregão Presencial;Global;Prefeitura Municipal de Chapecó;Secretaria de Governo;CONTRATAÇÃO DE EMPRESA ESPECIALIZADA NA REALIZAÇÃO DE UM RODEIO COUNTRY, COM FORNECIMENTO DE MATERIAIS, EQUIPAMENTOS E MÃO DE OBRA NO PERÍODO DE 12 A 15 DE OUTUBRO DE 2023, NO PARQUE DE EXPOSIÇÕES TANCREDO DE ALMEIDA NEVES, QUANDO DA REALIZAÇÃO DA XXI EDIÇÃO DA EFAPI EXPOSIÇÃO FEIRA AGROPECUÁRIA, INDUSTRIAL E COMERCIAL DE CHAPECÓ;317.000,00;Menor preço;https://transparencia.e-publica.net/epublica-portal/#/chapeco/portal/compras/licitacaoView?params=%7B%22id%22%3A%221%7C9182%22%2C%22mode%22%3A%22INFO%22%7D
2023-07-14;;062/2023;;Inexigibilidade;Por item;Fundo Municipal de Saúde de Chapecó;Secretaria de Saúde;Contratação de prestadores de serviços para a realização de consultas, exames e procedimentos de diagnose em fonoaudiologia, para atendimento a pacientes usuários do Sistema Único de Saúde.;512.313,72;Menor preço;https://transparencia.e-publica.net/epublica-portal/#/chapeco/portal/compras/licitacaoView?params=%7B%22id%22%3A%221%7C9223%22%2C%22mode%22%3A%22INFO%22%7D
2023-07-17;16:00;006/2023;Setor de Compras e Licitações na Prefeitura Municipal de Chapecó;Pregão Presencial;Por item;Fundação Cultural de Chapecó;Fundação Cultural de Chapecó;AQUISIÇÃO DE MESA DE SOM PARA O TEATRO MUNICIPAL DO CENTRO DE CULTURA E EVENTOS.;40.000,00;Menor preço;https://transparencia.e-publica.net/epublica-portal/#/chapeco/portal/compras/licitacaoView?params=%7B%22id%22%3A%221%7C9157%22%2C%22mode%22%3A%22INFO%22%7D
2023-07-17;14:00;218/2023;Setor de Compras e Licitações na Prefeitura Municipal de Chapecó;Pregão Presencial;Global;Prefeitura Municipal de Chapecó;Diretoria de Segurança Pública;CONTRATAÇÃO DE EMPRESA PARA CONSTRUÇÃO DE ROTATÓRIAS EM CONCRETO;1.033.506,85;Menor preço;https://transparencia.e-publica.net/epublica-portal/#/chapeco/portal/compras/licitacaoView?params=%7B%22id%22%3A%221%7C9155%22%2C%22mode%22%3A%22INFO%22%7D
2023-07-17;;249/2023;;Inexigibilidade;Por item;Prefeitura Municipal de Chapecó;Secretaria de Desenvolvimento Sustentável e Obras Estruturantes;FORNECIMENTO E SUPORTE TÉCNICO PARA IMPLANTAÇÃO DE SOFTWARE (SERVIÇO SaaS) DE SOLUÇÃO ESPECIALIZADA EM GESTÃO DE OBRAS PÚBLICAS, DENOMINADO “OBRAS.GOV”.;268.820,58;Menor preço;https://transparencia.e-publica.net/epublica-portal/#/chapeco/portal/compras/licitacaoView?params=%7B%22id%22%3A%221%7C9194%22%2C%22mode%22%3A%22INFO%22%7D
2023-07-18;14:00;220/2023;Setor de Compras e Licitações na Prefeitura Municipal de Chapecó;Pregão Presencial;Por item;Prefeitura Municipal de Chapecó;Secretaria de Serviços Urbanos;AQUISIÇÃO DE INSUMOS PARA O PLANTIO E CULTIVO DE PLANTAS NO HORTO BOTÂNICO MUNICIPAL.;19.560,00;Menor preço;https://transparencia.e-publica.net/epublica-portal/#/chapeco/portal/compras/licitacaoView?params=%7B%22id%22%3A%221%7C9159%22%2C%22mode%22%3A%22INFO%22%7D
2023-07-18;16:00;222/2023;Setor de Compras e Licitações na Prefeitura Municipal de Chapecó;Pregão Presencial;Global;Prefeitura Municipal de Chapecó;Secretaria de Desenvolvimento Sustentável e Obras Estruturantes;CONTRATAÇÃO DE EMPRESA PARA EXECUÇÃO DE SARJETAS;77.380,00;Menor preço;https://transparencia.e-publica.net/epublica-portal/#/chapeco/portal/compras/licitacaoView?params=%7B%22id%22%3A%221%7C9162%22%2C%22mode%22%3A%22INFO%22%7D
2023-07-19;14:00;225/2023;Setor de Compras e Licitações na Prefeitura Municipal de Chapecó;Pregão Presencial;Por item;Prefeitura Municipal de Chapecó;Secretaria de Educação;CONTRATAÇÃO DE SERVIÇOS PARA ADEQUAÇÕES EM PORTAS GIRATÓRIAS NAS INSTITUIÇÕES EDUCATIVAS MUNICIPAIS;39.124,79;Menor preço;https://transparencia.e-publica.net/epublica-portal/#/chapeco/portal/compras/licitacaoView?params=%7B%22id%22%3A%221%7C9165%22%2C%22mode%22%3A%22INFO%22%7D
2023-07-19;15:00;228/2023;Setor de Compras e Licitações na Prefeitura Municipal de Chapecó;Pregão Presencial;Por item;Prefeitura Municipal de Chapecó;Secretaria de Serviços Urbanos;LOCAÇÃO DE ROLO COMPACTADOR VIBRATÓRIO PARA OBRAS DE PAVIMENTAÇÃO E MANUTENÇÃO ASFÁLTICA;120.000,00;Menor preço;https://transparencia.e-publica.net/epublica-portal/#/chapeco/portal/compras/licitacaoView?params=%7B%22id%22%3A%221%7C9168%22%2C%22mode%22%3A%22INFO%22%7D
2023-07-19;16:00;229/2023;Setor de Compras e Licitações na Prefeitura Municipal de Chapecó;Pregão Presencial;Lote;Prefeitura Municipal de Chapecó;Secretaria de Serviços Urbanos;AQUISIÇÃO DE PEÇAS E SERVIÇO DE MÃO DE OBRA PARA MANUTENÇÃO DE ESCAVADEIRA HIDRAULICA NEW HOLLAND, PATRIMONIO Nº 137408, EQ.RIACHOS - SEURB;72.093,97;Menor preço;https://transparencia.e-publica.net/epublica-portal/#/chapeco/portal/compras/licitacaoView?params=%7B%22id%22%3A%221%7C9169%22%2C%22mode%22%3A%22INFO%22%7D
2023-07-20;;012/2023;;Dispensa por Justificativa;Por item;Fundo Municipal de Assistência Social de Chapecó;Secretaria  da Família e Proteção Social;CONTRATAÇÃO DE PRESTADOR DE SERVIÇO PARA DISPONIBILIZAÇÃO DE VAGA EM RESIDENCIAL INCLUSIVO PARA USUÁRIO DA ASSISTÊNCIA SOCIAL.;36.000,00;Menor preço;https://transparencia.e-publica.net/epublica-portal/#/chapeco/portal/compras/licitacaoView?params=%7B%22id%22%3A%221%7C9235%22%2C%22mode%22%3A%22INFO%22%7D
2023-07-20;16:00;234/2023;Setor de Compras e Licitações na Prefeitura Municipal de Chapecó;Pregão Presencial;Global;Prefeitura Municipal de Chapecó;Diretoria de Segurança Pública;AQUISIÇÃO E INSTALAÇÃO DE COLUNAS SEMAFÓRICAS;251.774,37;Menor preço;https://transparencia.e-publica.net/epublica-portal/#/chapeco/portal/compras/licitacaoView?params=%7B%22id%22%3A%221%7C9176%22%2C%22mode%22%3A%22INFO%22%7D
2023-07-20;15:00;057/2023;Setor de Compras e Licitações da Prefeitura Municipal de Chapecó;Pregão Presencial;Global;Fundo Municipal de Saúde de Chapecó;Secretaria de Saúde;CONTRATAÇÃO DE EMPRESA PARA REALIZAR SERVIÇO DE PINTURA E REFORMA NA UNIDADE BÁSICA DE SAÚDE DO SAIC;193.680,18;Menor preço;https://transparencia.e-publica.net/epublica-portal/#/chapeco/portal/compras/licitacaoView?params=%7B%22id%22%3A%221%7C9172%22%2C%22mode%22%3A%22INFO%22%7D
2023-07-20;09:15;254/2023;Setor de Compras e Licitações na Prefeitura Municipal de Chapecó;Pregão Presencial;Por item;Prefeitura Municipal de Chapecó;Secretaria de Governo;AQUISIÇÃO DE VASOS PARA PAISAGISMO NO PARQUE DE EXPOSIÇÕES TANCREDO DE ALMEIDA NEVES PARA A REALIZAÇÃO DA XXI EDIÇÃO DA EXPOSIÇÃO FEIRA AGROPECUÁRIA, INDUSTRIAL E COMERCIAL EFAPI 2023.;25.112,23;Menor preço;https://transparencia.e-publica.net/epublica-portal/#/chapeco/portal/compras/licitacaoView?params=%7B%22id%22%3A%221%7C9201%22%2C%22mode%22%3A%22INFO%22%7D
2023-07-20;;064/2023;;Inexigibilidade;Por item;Fundo Municipal de Saúde de Chapecó;Secretaria Municipal de Saúde;CONTRATAÇÃO DE EMPRESA PRESTADORA DE SERVIÇOS PARA REALIZAÇÃO DE DIAGNÓSTICO POR IMAGEM PARA ATENDIMENTO DOS PACIENTES USUÁRIOS DO SISTEMA ÚNICO DE SAÚDE.;133.653,34;Menor preço;https://transparencia.e-publica.net/epublica-portal/#/chapeco/portal/compras/licitacaoView?params=%7B%22id%22%3A%221%7C9243%22%2C%22mode%22%3A%22INFO%22%7D
2023-07-20;;065/2023;;Inexigibilidade;Por item;Fundo Municipal de Saúde de Chapecó;Secretaria Municipal de Saúde;CONTRATAÇÃO DE EMPRESA PRESTADORA DE SERVIÇOS PARA REALIZAÇÃO DE DIAGNÓSTICO POR IMAGEM PARA ATENDIMENTO DOS PACIENTES USUÁRIOS DO SISTEMA ÚNICO DE SAÚDE.;382.580,97;Menor preço;https://transparencia.e-publica.net/epublica-portal/#/chapeco/portal/compras/licitacaoView?params=%7B%22id%22%3A%221%7C9248%22%2C%22mode%22%3A%22INFO%22%7D
2023-07-20;;066/2023;;Inexigibilidade;Por item;Fundo Municipal de Saúde de Chapecó;Secretaria Municipal de Saúde;CONTRATAÇÃO DE EMPRESA PRESTADORA DE SERVIÇOS PARA REALIZAÇÃO DE DIAGNÓSTICO POR IMAGEM PARA ATENDIMENTO DOS PACIENTES USUÁRIOS DO SISTEMA ÚNICO DE SAÚDE.;379.877,96;Menor preço;https://transparencia.e-publica.net/epublica-portal/#/chapeco/portal/compras/licitacaoView?params=%7B%22id%22%3A%221%7C9249%22%2C%22mode%22%3A%22INFO%22%7D
2023-07-21;14:00;252/2023;Setor de Compras e Licitações na Prefeitura Municipal de Chapecó;Pregão Presencial;Por item;Prefeitura Municipal de Chapecó;Secretaria de Serviços Urbanos;CONTRATAÇÃO DE HORAS MÁQUINAS PARA REALIZAÇÃO DE OBRAS DE INFRAESTRUTURA EM PARQUES QUE SERÃO CONSTRUÍDOS NO MUNICÍPIO;1.046.400,00;Menor preço;https://transparencia.e-publica.net/epublica-portal/#/chapeco/portal/compras/licitacaoView?params=%7B%22id%22%3A%221%7C9198%22%2C%22mode%22%3A%22INFO%22%7D
2023-07-21;15:00;253/2023;Setor de Compras e Licitações na Prefeitura Municipal de Chapecó;Pregão Presencial;Por item;Prefeitura Municipal de Chapecó;Secretaria de Serviços Urbanos;CONTRATAÇÃO DE HORAS MÁQUINAS DE TRATOR ESTEIRA PARA REALIZAÇÃO DE OBRAS DE INFRAESTRUTURA EM PARQUES QUE SERÃO CONSTRUÍDOS NO MUNICÍPIO;1.080.000,00;Menor preço;https://transparencia.e-publica.net/epublica-portal/#/chapeco/portal/compras/licitacaoView?params=%7B%22id%22%3A%221%7C9199%22%2C%22mode%22%3A%22INFO%22%7D
2023-07-21;10:25;267/2023;Setor de Compras e Licitações na Prefeitura Municipal de Chapecó;Pregão Presencial;Global;Prefeitura Municipal de Chapecó;Secretaria de Governo;LOCAÇÃO DE CARROS ELÉTRICOS PARA REALIZAÇÃO DA XXI EDIÇÃO DA EXPOSIÇÃO FEIRA AGROPECUÁRIA, INDUSTRIAL E COMERCIAL EFAPI 2023. REALIZADA NO PARQUE DE EXPOSIÇÕES TANCREDO DE ALMEIDA NEVES.;50.000,00;Menor preço;https://transparencia.e-publica.net/epublica-portal/#/chapeco/portal/compras/licitacaoView?params=%7B%22id%22%3A%221%7C9215%22%2C%22mode%22%3A%22INFO%22%7D
2023-07-24;15:00;236/2023;Setor de Compras e Licitações na Prefeitura Municipal de Chapecó;Pregão Presencial;Por item;Prefeitura Municipal de Chapecó;Diretoria de Gestão Administrativa;LOCAÇÃO DE SCANNER PARA UTILIZAÇÃO NO SETOR DE PROTOCOLO DE DIVERSAS SECRETARIAS;38.400,00;Menor preço;https://transparencia.e-publica.net/epublica-portal/#/chapeco/portal/compras/licitacaoView?params=%7B%22id%22%3A%221%7C9178%22%2C%22mode%22%3A%22INFO%22%7D
2023-07-24;14:00;155/2023;Setor de Compras e Licitações na Prefeitura Municipal de Chapecó;Pregão Presencial;Lote;Prefeitura Municipal de Chapecó, Fundo Municipal de Assistência Social de Chapecó;Secretaria da Família e Proteção Social;CONTRATAÇÃO DE SERVIÇO ESPECIALIZADO PARA DESINSETIZAÇÃO E DESRATIZAÇÃO PARA LOCAIS DE ATIVIDADES REALIZADAS PELA SECRETARIA DA FAMÍLIA E PROTEÇÃO SOCIAL;142.500,00;Menor preço;https://transparencia.e-publica.net/epublica-portal/#/chapeco/portal/compras/licitacaoView?params=%7B%22id%22%3A%221%7C9055%22%2C%22mode%22%3A%22INFO%22%7D
2023-07-25;;013/2023;;Dispensa por Justificativa;Por item;Fundo Municipal de Assistência Social de Chapecó;Secretaria da Família e Proteção Social;Locação de imóvel situado na Rua Nereu Ramos, nº 2449-D, Bairro Universitário, contendo aproximadamente 330m², destinado ao funcionamento do Centro de Referência de Assistência Social – CRAS Seminário.;120.000,00;Menor preço;https://transparencia.e-publica.net/epublica-portal/#/chapeco/portal/compras/licitacaoView?params=%7B%22id%22%3A%221%7C9238%22%2C%22mode%22%3A%22INFO%22%7D
2023-07-25;15:00;240/2023;Setor de Compras e Licitações na Prefeitura Municipal de Chapecó;Pregão Presencial;Lote;Fundo Municipal de Assistência Social de Chapecó, Prefeitura Municipal de Chapecó;Secretaria da Família e Proteção Social;CONTRATAÇÃO DE EMPRESA PARA REALIZAR SERVIÇOS DE HIGIENIZAÇÃO E LIMPEZA DE AR CONDICIONADOS, E FORNECIMENTO DE PMOC E LAUDO TÉCNICO;21.210,00;Menor preço;https://transparencia.e-publica.net/epublica-portal/#/chapeco/portal/compras/licitacaoView?params=%7B%22id%22%3A%221%7C9184%22%2C%22mode%22%3A%22INFO%22%7D
2023-07-25;14:00;237/2023;Setor de Compras e Licitações na Prefeitura Municipal de Chapecó;Tomada de Preço;Global;Prefeitura Municipal de Chapecó;Secretaria de Desenvolvimento Sustentável e Obras Estruturantes;CONTRATAÇÃO DE EMPRESA PARA A REALIZAÇÃO DE PAVIMENTAÇÃO ASFÁLTICA;2.054.265,48;Menor preço;https://transparencia.e-publica.net/epublica-portal/#/chapeco/portal/compras/licitacaoView?params=%7B%22id%22%3A%221%7C9180%22%2C%22mode%22%3A%22INFO%22%7D
2023-07-26;16:00;242/2023;Setor de Compras e Licitações na Prefeitura Municipal de Chapecó;Pregão Presencial;Lote;Prefeitura Municipal de Chapecó;Diretoria de Comunicação Social;AQUISIÇÃO E INSTALAÇÃO DE MATERIAIS PARA IDENTIFICAÇÃO GRÁFICA E VISUAL;791.000,00;Menor preço;https://transparencia.e-publica.net/epublica-portal/#/chapeco/portal/compras/licitacaoView?params=%7B%22id%22%3A%221%7C9186%22%2C%22mode%22%3A%22INFO%22%7D
2023-07-26;09:15;258/2023;Setor de Compras e Licitações na Prefeitura Municipal de Chapecó;Pregão Presencial;Por item;Prefeitura Municipal de Chapecó;Secretaria de Governo;AQUISIÇÃO DE MARAVALHA (PARA FAZER CAMA PARA OS ANIMAIS EXPOSTOS NA FEIRA) NECESSÁRIO PARA A REALIZAÇÃO DA XXI EDIÇÃO NA EXPOSIÇÃO FEIRA, AGROPECUÁRIA, INDUSTRIAL E COMERCIAL, NO PERÍODO DE 06 A 15 DE OUTUBRO DE 2023 – EFAPI, NO PARQUE DE EXPOSIÇÕES TANCREDO DE ALMEIDA NEVES, DE RECURSOS DE CONVÊNIO COM A SECRETARIA DE ESTADO DA AGRICULTURA EFAPI/2023.;101.940,00;Menor preço;https://transparencia.e-publica.net/epublica-portal/#/chapeco/portal/compras/licitacaoView?params=%7B%22id%22%3A%221%7C9205%22%2C%22mode%22%3A%22INFO%22%7D
2023-07-26;14:00;210/2023;Setor de Compras e Licitações na Prefeitura Municipal de Chapecó;Pregão Presencial;Por item;Prefeitura Municipal de Chapecó;Secretaria de Infraestrutura Urbana;AQUISIÇÃO DE PÁ CARREGADEIRA;570.000,00;Menor preço;https://transparencia.e-publica.net/epublica-portal/#/chapeco/portal/compras/licitacaoView?params=%7B%22id%22%3A%221%7C9143%22%2C%22mode%22%3A%22INFO%22%7D
2023-07-26;15:00;007/2023;Setor de compras e licitações do Município de Chapecó;Pregão Presencial;Lote;Fundação Municipal de Desporto de Chapecó;Fundação Cultural de Chapecó;CONTRATAÇÃO DE CLÍNICA DE FISIOTERAPIA PARA TRATAMENTO DE ATLETAS NO MUNICÍPIO E ACOMPANHAMENTO DE ATLETAS QUE REPRESENTAM O MUNICÍPIO NAS COMPETIÇÕES OFICIAIS;184.800,00;Menor preço;https://transparencia.e-publica.net/epublica-portal/#/chapeco/portal/compras/licitacaoView?params=%7B%22id%22%3A%221%7C9190%22%2C%22mode%22%3A%22INFO%22%7D
2023-07-27;15:00;246/2023;Setor de Compras e Licitações na Prefeitura Municipal de Chapecó;Pregão Presencial;Por item;Prefeitura Municipal de Chapecó;Secretaria de Serviços Urbanos;AQUISIÇÃO DE GRADES METÁLICAS PARA BOCAS DE LOBO;383.400,00;Menor preço;https://transparencia.e-publica.net/epublica-portal/#/chapeco/portal/compras/licitacaoView?params=%7B%22id%22%3A%221%7C9191%22%2C%22mode%22%3A%22INFO%22%7D
2023-07-27;16:00;247/2023;Licitações-e;Pregão Eletrônico;Por item;Prefeitura Municipal de Chapecó;Secretaria Municipal de Desenvolvimento Rural;AQUISIÇÃO DE VEÍCULOS AUTOMOTORES PARA A SECRETARIA MUNICIPAL DE DESENVOLVIMENTO RURAL;233.506,67;Menor preço;https://transparencia.e-publica.net/epublica-portal/#/chapeco/portal/compras/licitacaoView?params=%7B%22id%22%3A%221%7C9192%22%2C%22mode%22%3A%22INFO%22%7D
2023-07-28;09:00;276/2023;Setor de Compras e Licitações na Prefeitura Municipal de Chapecó;Pregão Presencial;Por item;Prefeitura Municipal de Chapecó;Secretaria de Educação;CONTRATAÇÃO DOS SERVIÇOS DE TRANSPORTE ESCOLAR PARA OS ALUNOS MATRICULADOS NO NOVO ENSINO MÉDIO - NEM;1.224.704,78;Menor preço;https://transparencia.e-publica.net/epublica-portal/#/chapeco/portal/compras/licitacaoView?params=%7B%22id%22%3A%221%7C9230%22%2C%22mode%22%3A%22INFO%22%7D
2023-07-28;;015/2023;;Inexigibilidade;Por item;Fundo Municipal de Assistência Social de Chapecó;Secretaria da Família e Proteção Social;Contratação de profissional técnico renomado para realizar capacitação para as equipes técnicas dos CRAS e CREAS da Secretaria da Família e Proteção Social.;26.500,00;Menor preço;https://transparencia.e-publica.net/epublica-portal/#/chapeco/portal/compras/licitacaoView?params=%7B%22id%22%3A%221%7C9266%22%2C%22mode%22%3A%22INFO%22%7D
2023-07-31;15:00;154/2023;Setor de Compras e Licitações na Prefeitura Municipal de Chapecó;Pregão Presencial;Por item;Prefeitura Municipal de Chapecó;Diretoria de Regularização Fundiária e Habitação;CONTRATAÇÃO DE EMPRESA PARA EXECUÇÃO DE PROJETO DE REGULARIZAÇÃO FUNDIÁRIA URBANA - REURB;4.500.000,00;Menor preço;https://transparencia.e-publica.net/epublica-portal/#/chapeco/portal/compras/licitacaoView?params=%7B%22id%22%3A%221%7C9054%22%2C%22mode%22%3A%22INFO%22%7D
2023-07-31;09:15;261/2023;Setor de Compras e Licitações na Prefeitura Municipal de Chapecó;Pregão Presencial;Global;Prefeitura Municipal de Chapecó;Secretaria de Governo;CONTRATAÇÃO DE EMPRESA ESPECIALIZADA EM LOCAÇÃO, MONTAGEM E DESMONTAGEM DE ESTANDES BÁSICOS E ESPECIAIS, LONAS PIRAMIDAIS E PASSADEIRAS;552.147,85;Menor preço;https://transparencia.e-publica.net/epublica-portal/#/chapeco/portal/compras/licitacaoView?params=%7B%22id%22%3A%221%7C9208%22%2C%22mode%22%3A%22INFO%22%7D
2023-08-01;15:00;174/2023;Setor de Compras e Licitações na Prefeitura Municipal de Chapecó;Concorrência;Global;Prefeitura Municipal de Chapecó;Secretaria de Desenvolvimento Sustentável e Obras Estruturantes;CONTRATAÇÃO DE EMPRESA PARA A REALIZAÇÃO DOS SERVIÇOS DE PAVIMENTAÇÃO ASFÁLTICA;5.092.874,89;Menor preço;https://transparencia.e-publica.net/epublica-portal/#/chapeco/portal/compras/licitacaoView?params=%7B%22id%22%3A%221%7C9082%22%2C%22mode%22%3A%22INFO%22%7D
2023-08-01;08:45;274/2023;Setor de Compras e Licitações na Prefeitura Municipal de Chapecó;Pregão Presencial;Global;Prefeitura Municipal de Chapecó;Secretaria de Governo;LOCAÇÃO DE EQUIPAMENTOS E FORNECIMENTO DE MÃO DE OBRA E MATERIAIS NECESSÁRIOS PARA MONTAGEM, DESMONTAGEM E OPERAÇÃO DE SISTEMA DE SONORIZAÇÃO INTERNA DO PARQUE DE EXPOSIÇÕES TANCREDO DE ALMEIDA NEVES, EQUIPAMENTOS PARA RADIO FEIRA, EQUIPAMENTOS PARA COMUNICAÇÃO A DISTÂNCIA E PAINÉIS DE LED PARA GERAÇÃO DE IMAGENS PARA REALIZAÇÃO XXI EDIÇÃO DA EXPOSIÇÃO FEIRA AGROPECUÁRIA, INDUSTRIAL E COMERCIAL EFAPI/2023;216.950,00;Menor preço;https://transparencia.e-publica.net/epublica-portal/#/chapeco/portal/compras/licitacaoView?params=%7B%22id%22%3A%221%7C9228%22%2C%22mode%22%3A%22INFO%22%7D
2023-08-01;10:00;279/2023;Setor de Compras e Licitações na Prefeitura Municipal de Chapecó;Pregão Presencial;Global;Prefeitura Municipal de Chapecó;Secretaria de Governo;PERMISSÃO DE USO DE ÁREA PÚBLICA PARA EXPLORAÇÃO EM CARÁTER EXCLUSIVO OS SERVIÇOS DE LOCUÇÃO DA RÁDIO FEIRA, EM AMBIENTES DO PARQUE DE EXPOSIÇÕES TANCREDO DE ALMEIDA NEVES, DURANTE A REALIZAÇÃO DA XXI EDIÇÃO DA FEIRA AGROPECUÁRIA, INDUSTRIAL E COMERCIAL EFAPI/2023, NO PERÍODO DE 06 A 15 DE OUTUBRO DE 2023.;26.996,00;Maior lance ou oferta;https://transparencia.e-publica.net/epublica-portal/#/chapeco/portal/compras/licitacaoView?params=%7B%22id%22%3A%221%7C9233%22%2C%22mode%22%3A%22INFO%22%7D
2023-08-02;16:00;263/2023;Setor de Compras e Licitações na Prefeitura Municipal de Chapecó;Pregão Presencial;Lote;Prefeitura Municipal de Chapecó;Secretaria de Serviços Urbanos;AQUISIÇÃO DE PEÇAS E SERVIÇO DE MÃO DE OBRA PARA MANUTENÇÃO DE TRATOR DE ESTEIRAS KOMATSU D50 - 15C A, PATRIMÔNIO 7344 - SEURB;92.810,09;Menor preço;https://transparencia.e-publica.net/epublica-portal/#/chapeco/portal/compras/licitacaoView?params=%7B%22id%22%3A%221%7C9210%22%2C%22mode%22%3A%22INFO%22%7D
2023-08-03;14:00;235/2023;Setor de Compras e Licitações na Prefeitura Municipal de Chapecó;Pregão Presencial;Por item;Prefeitura Municipal de Chapecó;Secretaria de Educação;AQUISIÇÃO DE TELESCÓPIOS DESTINADOS AO PROJETO EDUCACIONAL “ESPAÇO DE INOVAÇÃO E TRANSFORMAÇÃO”;224.100,00;Menor preço;https://transparencia.e-publica.net/epublica-portal/#/chapeco/portal/compras/licitacaoView?params=%7B%22id%22%3A%221%7C9177%22%2C%22mode%22%3A%22INFO%22%7D
2023-08-03;15:00;280/2023;Setor de Compras e Licitações na Prefeitura Municipal de Chapecó;Pregão Presencial;Por item;Prefeitura Municipal de Chapecó;Secretaria de Desenvolvimento Sustentável e Obras Estruturantes;CONTRATAÇÃO DE EMPRESA PARA PRESTAÇÃO DE SERVIÇO DE DESMONTAGEM, TRANSPORTE, MONTAGEM DE MÓVEIS E EQUIPAMENTOS DE ESCRITÓRIO E DEMAIS OBJETOS SECRETARIA DE DESENVOLVIMENTO SUSTENTÁVEL E OBRAS ESTRUTURANTES – SEDES, E DA SECRETARIA DA FAMÍLIA E PROTEÇÃO SOCIAL – SEFASO, PARA A NOVA SEDE LOCALIZADA NO ESTÁDIO ÍNDIO CONDÁ, ALA LESTE;41.800,00;Menor preço;https://transparencia.e-publica.net/epublica-portal/#/chapeco/portal/compras/licitacaoView?params=%7B%22id%22%3A%221%7C9234%22%2C%22mode%22%3A%22INFO%22%7D
2023-08-03;10:15;287/2023;Setor de Compras e Licitações na Prefeitura Municipal de Chapecó;Pregão Presencial;Global;Prefeitura Municipal de Chapecó;Secretaria de Governo;PERMISSÃO ONEROSA DE USO DE BEM PÚBLICO PARA EXPLORAÇÃO TEMPORÁRIA DE BEBIDAS ALCOÓLICAS E NÃO ALCOÓLICAS PARA OS ESTABELECIMENTOS DA ÁREA DE ALIMENTAÇÃO NO PARQUE DE EXPOSIÇÕES TANCREDO DE ALMEIDA NEVES, (EXCETO DESTILADOS), DURANTE A REALIZAÇÃO DA XXI EDIÇÃO DA EXPOSIÇÃO FEIRA AGROPECUÁRIA, INDUSTRIAL E COMERCIAL EFAPI/2023, NO PERÍODO DE 06 A 15 DE OUTUBRO DE 2023;190.000,00;Maior lance ou oferta;https://transparencia.e-publica.net/epublica-portal/#/chapeco/portal/compras/licitacaoView?params=%7B%22id%22%3A%221%7C9257%22%2C%22mode%22%3A%22INFO%22%7D
2023-08-03;08:45;285/2023;Setor de Compras e Licitações na Prefeitura Municipal de Chapecó;Pregão Presencial;Global;Prefeitura Municipal de Chapecó;Secretaria de Governo;CONTRATAÇÃO DE EMPRESA ESPECIALIZADA EM LOCAÇÃO DE CONTÊINERES PARA RECOLHIMENTO DE RESÍDUOS NO SETOR AGROPECUÁRIO, NECESSÁRIOS PARA REALIZAÇÃO DA XXI EDIÇÃO DA EXPOSIÇÃO FEIRA, AGROPECUÁRIA, INDUSTRIAL E COMERCIAL, EFAPI/2023. NO PARQUE DE EXPOSIÇÕES TANCREDO DE ALMEIDA NEVES, NO PERÍODO DE 06 A 15 DE OUTUBRO DE 2023.;85.000,00;Menor preço;https://transparencia.e-publica.net/epublica-portal/#/chapeco/portal/compras/licitacaoView?params=%7B%22id%22%3A%221%7C9247%22%2C%22mode%22%3A%22INFO%22%7D
2023-08-04;14:00;PR7/2023;Setor de Compras e Licitações da Câmara de Vereadores de Chapecó;Pregão Presencial;Por item;Câmara Municipal de Chapecó;Câmara Municipal de Chapecó;REGISTRO DE PREÇOS CONTRATAÇÃO DE EMPRESA PARA PRESTAÇÃO DE SERVIÇOS DE FILMAGEM, GRAVAÇÃO E TRANSMISSÃO EM TEMPO REAL DE ÁUDIO E VÍDEO VIA INTERNET PARA EVENTOS DA CÂMARA DE VEREADORES.;28.800,00;Menor preço;https://transparencia.e-publica.net/epublica-portal/#/chapeco/portal/compras/licitacaoView?params=%7B%22id%22%3A%221%7C9220%22%2C%22mode%22%3A%22INFO%22%7D
2023-08-04;10:00;291/2023;Setor de Compras e Licitações na Prefeitura Municipal de Chapecó;Convite;Global;Prefeitura Municipal de Chapecó;Secretaria de Desenvolvimento Rural;CONTRATAÇÃO DE EMPRESA ESPECIALIZADA PARA EXECUÇÃO DE PROJETO ELETROMECÂNICO DE CONSTRUÇÃO DE REDE ELÉTRICA, AUTORIZADO PELA CONCESSIONÁRIA CELESC, NA LINHA SERRINHA E LINHA CAMPINAS, PARA POSTERIOR INSTALAÇÃO DE REDE DE ÁGUA;61.960,21;Menor preço;https://transparencia.e-publica.net/epublica-portal/#/chapeco/portal/compras/licitacaoView?params=%7B%22id%22%3A%221%7C9262%22%2C%22mode%22%3A%22INFO%22%7D
2023-08-07;14:00;035/2023;Setor de Compras e Licitações da Prefeitura Municipal de Chapecó;Pregão Presencial;Lote;Fundo Municipal de Saúde de Chapecó;Secretaria Municipal de Saúde;AQUISIÇÃO PARCELADA DE OXIGÊNIO MEDICINAL PARA DISTRIBUIÇÃO A PACIENTES USUÁRIOS DO SISTEMA ÚNICO DE SAÚDE EM OXIGENOTERAPIA DOMICILIAR, BEM COMO PARA UTILIZAÇÃO NOS SERVIÇOS DE SAÚDE MANTIDOS PELO MUNICÍPIO.;3.640.545,00;Menor preço;https://transparencia.e-publica.net/epublica-portal/#/chapeco/portal/compras/licitacaoView?params=%7B%22id%22%3A%221%7C9036%22%2C%22mode%22%3A%22INFO%22%7D
2023-08-07;09:00;288/2023;Setor de Compras e Licitações na Prefeitura Municipal de Chapecó;Pregão Presencial;Global;Prefeitura Municipal de Chapecó;Secretaria de Educação;CONTRATAÇÃO DE EMPRESA PARA O FORNECIMENTO DE REFEIÇÕES COM O SERVIÇO DE COPEIRAGEM PARA A SOLENIDADE DE ENTREGA DO TROFÉU O DESBRAVADOR.;63.000,00;Menor preço;https://transparencia.e-publica.net/epublica-portal/#/chapeco/portal/compras/licitacaoView?params=%7B%22id%22%3A%221%7C9258%22%2C%22mode%22%3A%22INFO%22%7D
2023-08-08;16:00;290/2023;Setor de Compras e Licitações na Prefeitura Municipal de Chapecó;Convite;Global;Prefeitura Municipal de Chapecó;Secretaria de Serviços Urbanos;CONSTRUÇÃO DE TORRE DE RESERVATÓRIO, REFORMA DOS BANHEIROS E DA SALA DE EXPOSIÇÕES DA PRAÇA CORONAL BERTASO;230.488,23;Menor preço;https://transparencia.e-publica.net/epublica-portal/#/chapeco/portal/compras/licitacaoView?params=%7B%22id%22%3A%221%7C9261%22%2C%22mode%22%3A%22INFO%22%7D
2023-08-08;15:00;273/2023;Setor de Compras e Licitações na Prefeitura Municipal de Chapecó;Pregão Presencial;Lote;Prefeitura Municipal de Chapecó;Secretaria de Educação;AQUISIÇÃO DE MATERIAIS DE USO GERAL, HIDRÁULICO E ELÉTRICO PARA O SETOR DE MANUTENÇÃO DE SECRETARIA DA EDUCAÇÃO;435.631,30;Menor preço;https://transparencia.e-publica.net/epublica-portal/#/chapeco/portal/compras/licitacaoView?params=%7B%22id%22%3A%221%7C9225%22%2C%22mode%22%3A%22INFO%22%7D
2023-08-08;14:00;277/2023;Setor de Compras e Licitações na Prefeitura Municipal de Chapecó;Pregão Presencial;Por item;Prefeitura Municipal de Chapecó;Secretaria de Serviços Urbanos;AQUISIÇÃO DE EQUIPAMENTOS MOTOSSERRA, SOPRADOR, ROÇADEIRA E PODADOR;178.971,00;Menor preço;https://transparencia.e-publica.net/epublica-portal/#/chapeco/portal/compras/licitacaoView?params=%7B%22id%22%3A%221%7C9231%22%2C%22mode%22%3A%22INFO%22%7D
2023-08-10;16:00;289/2023;Setor de Compras e Licitações na Prefeitura Municipal de Chapecó;Pregão Presencial;Global;Prefeitura Municipal de Chapecó;Secretaria de Serviços Urbanos;CONTRATAÇÃO DE EMPRESA PARA A REALIZAÇÃO DE ROÇADAS EM TERRENOS BALDIOS.;750.000,00;Menor preço;https://transparencia.e-publica.net/epublica-portal/#/chapeco/portal/compras/licitacaoView?params=%7B%22id%22%3A%221%7C9260%22%2C%22mode%22%3A%22INFO%22%7D
2023-08-10;15:00;278/2023;Setor de Compras e Licitações na Prefeitura Municipal de Chapecó;Tomada de Preço;Global;Prefeitura Municipal de Chapecó;Secretaria de Desenvolvimento Sustentável e Obras Estruturantes;CONTRATAÇÃO DE SERVIÇOS PARA IMPLANTAÇÃO DO NOVO DISTRITO INDUSTRIAL DE CHAPECÓ;720.157,75;Menor preço;https://transparencia.e-publica.net/epublica-portal/#/chapeco/portal/compras/licitacaoView?params=%7B%22id%22%3A%221%7C9232%22%2C%22mode%22%3A%22INFO%22%7D
2023-08-10;14:00;282/2023;Setor de Compras e Licitações na Prefeitura Municipal de Chapecó;Tomada de Preço;Global;Prefeitura Municipal de Chapecó;Secretaria de Desenvolvimento Sustentável e Obras Estruturantes;REFORMA E AMPLIAÇÃO DO CENTRO COMUNITÁRIO ALTO ALEGRE;705.509,76;Menor preço;https://transparencia.e-publica.net/epublica-portal/#/chapeco/portal/compras/licitacaoView?params=%7B%22id%22%3A%221%7C9242%22%2C%22mode%22%3A%22INFO%22%7D
2023-08-11;14:00;286/2023;Setor de Compras e Licitações na Prefeitura Municipal de Chapecó;Tomada de Preço;Global;Prefeitura Municipal de Chapecó;Secretaria de Planejamento e Desenvolvimento;CONTRATAÇÃO DE EMPRESA PARA A REALIZAÇÃO DA IMPLANTAÇÃO DA REDE DE DISTRIBUIÇÃO DE ENERGIA PARA ILUMINAÇÃO PÚBLICA NO CONTORNO EXTREMO OESTE, NAS INTERSECÇÕES COM A BR 282 E COM A SC 283.;709.363,82;Menor preço;https://transparencia.e-publica.net/epublica-portal/#/chapeco/portal/compras/licitacaoView?params=%7B%22id%22%3A%221%7C9256%22%2C%22mode%22%3A%22INFO%22%7D
2023-08-14;15:00;073/2023;Setor de Compras e Licitações da Prefeitura Municipal de Chapecó;Pregão Presencial;Por item;Fundo Municipal de Saúde de Chapecó;Secretaria de Saúde;AQUISIÇÃO DE MOTOCICLETAS PARA SUBSTITUIÇÃO DE FROTA DA VIGILÂNCIA AMBIENTAL;36.510,00;Menor preço;https://transparencia.e-publica.net/epublica-portal/#/chapeco/portal/compras/licitacaoView?params=%7B%22id%22%3A%221%7C9259%22%2C%22mode%22%3A%22INFO%22%7D
2023-08-14;16:00;245/2023;Setor de Compras e Licitações na Prefeitura Municipal de Chapecó;Pregão Presencial;Lote;Prefeitura Municipal de Chapecó;Diretoria de Comunicação Social;CONTRATAÇÃO DE EMPRESA ESPECIALIZADA PARA FORNECIMENTO DE SOFTWARE INTEGRADO DE GERENCIAMENTO E MONITORAMENTO DE SOLICITAÇÕES E MANIFESTAÇÕES COM COMUNICAÇÃO ENTRE SECRETARIAS E DEPARTAMENTOS;79.620,00;Menor preço;https://transparencia.e-publica.net/epublica-portal/#/chapeco/portal/compras/licitacaoView?params=%7B%22id%22%3A%221%7C9189%22%2C%22mode%22%3A%22INFO%22%7D
2023-08-15;15:00;198/2023;Setor de Compras e Licitações na Prefeitura Municipal de Chapecó;Pregão Presencial;Lote;Prefeitura Municipal de Chapecó;Diretoria de Regularização Fundiária e Habitação;CONTRATAÇÃO DE EMPRESA PARA REALIZAR O DESMANCHE DE EDIFICAÇÕES CONSTRUÍDAS IRREGULARMENTE;141.937,60;Menor preço;https://transparencia.e-publica.net/epublica-portal/#/chapeco/portal/compras/licitacaoView?params=%7B%22id%22%3A%221%7C9126%22%2C%22mode%22%3A%22INFO%22%7D
2023-08-15;16:00;074/2023;Setor de Compras e Licitações da Prefeitura Municipal de Chapecó;Pregão Presencial;Lote;Fundo Municipal de Saúde de Chapecó;Secretaria Municipal de Saúde;AQUISIÇÃO PARCELADA DE REAGENTES E MATERIAIS PARA CONSUMO GERAL NO LABORATÓRIO MUNICIPAL DE ANÁLISES CLÍNICAS E AMBIENTAIS;239.211,51;Menor preço;https://transparencia.e-publica.net/epublica-portal/#/chapeco/portal/compras/licitacaoView?params=%7B%22id%22%3A%221%7C9263%22%2C%22mode%22%3A%22INFO%22%7D
2023-08-15;14:00;266/2023;Setor de Compras e Licitações na Prefeitura Municipal de Chapecó;Tomada de Preço;Global;Prefeitura Municipal de Chapecó;Secretaria de Desenvolvimento Sustentável e Obras Estruturantes;CONTRATAÇÃO DE EMPRESA PARA A REALIZAÇÃO DE PAVIMENTAÇÃO ASFÁLTICA EM DIVERSAS RUAS;2.778.786,88;Menor preço;https://transparencia.e-publica.net/epublica-portal/#/chapeco/portal/compras/licitacaoView?params=%7B%22id%22%3A%221%7C9214%22%2C%22mode%22%3A%22INFO%22%7D
2023-08-21;08:15;058/2023;Setor de Compras e Licitações da Prefeitura Municipal de Chapecó;Pregão Eletrônico;Lote;Fundo Municipal de Saúde de Chapecó;Secretaria Municipal da Saúde;AQUISIÇÃO DE MATERIAL DE CONSUMO PARA O SETOR DE HEMATOLOGIA DO LABORATÓRIO MUNICIPAL E ANÁLISES CLÍNICAS DE CHAPECÓ;620.725,00;Menor preço;https://transparencia.e-publica.net/epublica-portal/#/chapeco/portal/compras/licitacaoView?params=%7B%22id%22%3A%221%7C9173%22%2C%22mode%22%3A%22INFO%22%7D
2023-08-21;08:45;269/2023;Setor de Compras e Licitações na Prefeitura Municipal de Chapecó;Pregão Presencial;Lote;Prefeitura Municipal de Chapecó;Secretaria de Governo;LOCAÇÃO, MONTAGEM, DESMONTAGEM E LIMPEZA DE BANHEIROS QUÍMICOS, QUE DEVERÃO SER UTILIZADOS NA REALIZAÇÃO DA XXI EDIÇÃO DA EXPOSIÇÃO FEIRA AGROPECUÁRIA, INDUSTRIAL E COMERCIAL/EFAPI 2023. NO PARQUE DE EXPOSIÇÕES TANCREDO DE ALMEIDA NEVES;317.000,00;Menor preço;https://transparencia.e-publica.net/epublica-portal/#/chapeco/portal/compras/licitacaoView?params=%7B%22id%22%3A%221%7C9217%22%2C%22mode%22%3A%22INFO%22%7D
2023-08-22;15:00;270/2023;Setor de Compras e Licitações na Prefeitura Municipal de Chapecó;Pregão Presencial;Lote;Prefeitura Municipal de Chapecó;Secretaria de Serviços Urbanos;AQUISIÇÃO DE BANCOS E MESAS PARA O PARQUE DE EXPOSIÇÕES TANCREDO DE ALMEIDA NEVES - EFAPI;209.950,00;Menor preço;https://transparencia.e-publica.net/epublica-portal/#/chapeco/portal/compras/licitacaoView?params=%7B%22id%22%3A%221%7C9218%22%2C%22mode%22%3A%22INFO%22%7D
2023-08-23;16:00;297/2023;Setor de Compras e Licitações na Prefeitura Municipal de Chapecó;Pregão Presencial;Por item;Prefeitura Municipal de Chapecó;Diretoria de Segurança Pública;AQUISIÇÃO DE TINTA DE DEMARCAÇÃO VIÁRIA PARA PINTURA DE MURETAS E RÓTULAS;90.725,00;Menor preço;https://transparencia.e-publica.net/epublica-portal/#/chapeco/portal/compras/licitacaoView?params=%7B%22id%22%3A%221%7C9272%22%2C%22mode%22%3A%22INFO%22%7D
2023-08-24;14:00;244/2023;Setor de Compras e Licitações na Prefeitura Municipal de Chapecó;Pregão Presencial;Por item;Prefeitura Municipal de Chapecó;Secretaria Serviços Urbanos;AQUISIÇÃO DE SCANNER AUTOMOTIVO;28.813,17;Menor preço;https://transparencia.e-publica.net/epublica-portal/#/chapeco/portal/compras/licitacaoView?params=%7B%22id%22%3A%221%7C9188%22%2C%22mode%22%3A%22INFO%22%7D
2023-08-28;10:10;301/2023;Setor de Compras e Licitações na Prefeitura Municipal de Chapecó;Pregão Presencial;Global;Prefeitura Municipal de Chapecó;Secretaria de Governo;CONTRATAÇÃO DE SERVIÇOS DE LIMPEZA COM FORNECIMENTO DE MÃO DE OBRA E MATERIAIS NECESSÁRIOS PARA A MANUTENÇÃO DO PARQUE DE EXPOSIÇÕES TANCREDO DE ALMEIDA NEVES QUANDO DA REALIZAÇÃO DA XXI EDIÇÃO DA EXPOSIÇÃO FEIRA AGROPECUÁRIA, INDUSTRIAL E COMERCIAL EFAPI/2023.;148.000,00;Menor preço;https://transparencia.e-publica.net/epublica-portal/#/chapeco/portal/compras/licitacaoView?params=%7B%22id%22%3A%22MV85Mjc4%22%2C%22mode%22%3A%22INFO%22%7D
2023-08-30;16:00;283/2023;Setor de Compras e Licitações na Prefeitura Municipal de Chapecó;Pregão Presencial;Por item;Prefeitura Municipal de Chapecó;Secretaria de Serviços Urbanos;AQUISIÇÃO DE LUMINÁRIAS EM LED PARA INSTALAÇÃO EM VIAS PÚBLICAS;2.762.970,00;Menor preço;https://transparencia.e-publica.net/epublica-portal/#/chapeco/portal/compras/licitacaoView?params=%7B%22id%22%3A%22MV85MjQ0%22%2C%22mode%22%3A%22INFO%22%7D
2023-09-05;08:40;294/2023;Setor de Compras e Licitações na Prefeitura Municipal de Chapecó;Pregão Presencial;Global;Prefeitura Municipal de Chapecó;Secretaria de Governo;CONTRATAÇÃO DE SERVIÇOS DE SEGURANÇA (DESARMADA) PARA REALIZAÇÃO DA EFAPI/2023.;273.891,28;Menor preço;https://transparencia.e-publica.net/epublica-portal/#/chapeco/portal/compras/licitacaoView?params=%7B%22id%22%3A%221%7C9268%22%2C%22mode%22%3A%22INFO%22%7D
